#ifndef __gTitleRandomizerSubtitleTex__
#define __gTitleRandomizerSubtitleTex__

static unsigned int size_gTitleRandomizerSubtitleTex = 16384;
static unsigned char gTitleRandomizerSubtitleTex[] __attribute__((aligned(16))) = {
	0x00, 0x00, 0x00, 0x00, 0x00, 0x00, 0x00, 0x00, 0x00, 0x00, 0x00, 0x00, 0x00, 0x00, 0x00, 0x00, 
	0x00, 0x00, 0x00, 0x00, 0x00, 0x00, 0x00, 0x00, 0x00, 0x00, 0x00, 0x00, 0x00, 0x00, 0x00, 0x00, 
	0x00, 0x00, 0x00, 0x00, 0x00, 0x00, 0x00, 0x00, 0x00, 0x00, 0x00, 0x00, 0x00, 0x00, 0x00, 0x00, 
	0x00, 0x00, 0x00, 0x00, 0x00, 0x00, 0x00, 0x00, 0x00, 0x00, 0x00, 0x00, 0x00, 0x00, 0x00, 0x00, 
	0x00, 0x00, 0x00, 0x00, 0x00, 0x00, 0x00, 0x00, 0x00, 0x00, 0x00, 0x00, 0x00, 0x00, 0x00, 0x00, 
	0x00, 0x00, 0x00, 0x00, 0x00, 0x00, 0x00, 0x00, 0x00, 0x00, 0x00, 0x00, 0x00, 0x00, 0x00, 0x00, 
	0x00, 0x00, 0x00, 0x00, 0x00, 0x00, 0x00, 0x00, 0x00, 0x00, 0x00, 0x00, 0x00, 0x00, 0x00, 0x00, 
	0x00, 0x00, 0x00, 0x00, 0x00, 0x00, 0x00, 0x00, 0x00, 0x00, 0x00, 0x00, 0x00, 0x00, 0x00, 0x00, 
	0x00, 0x00, 0x00, 0x00, 0x00, 0x00, 0x00, 0x00, 0x00, 0x00, 0x00, 0x00, 0x00, 0x00, 0x00, 0x00, 
	0x00, 0x00, 0x00, 0x00, 0x00, 0x00, 0x00, 0x00, 0x00, 0x00, 0x00, 0x00, 0x00, 0x00, 0x00, 0x00, 
	0x00, 0x00, 0x00, 0x00, 0x00, 0x00, 0x00, 0x00, 0x00, 0x00, 0x00, 0x00, 0x00, 0x00, 0x00, 0x00, 
	0x00, 0x00, 0x00, 0x00, 0x00, 0x00, 0x00, 0x00, 0x00, 0x00, 0x00, 0x00, 0x00, 0x00, 0x00, 0x00, 
	0x00, 0x00, 0x00, 0x00, 0x00, 0x00, 0x00, 0x00, 0x00, 0x00, 0x00, 0x00, 0x00, 0x00, 0x00, 0x00, 
	0x00, 0x00, 0x00, 0x00, 0x00, 0x00, 0x00, 0x00, 0x00, 0x00, 0x00, 0x00, 0x00, 0x00, 0x00, 0x00, 
	0x00, 0x00, 0x00, 0x00, 0x00, 0x00, 0x00, 0x00, 0x00, 0x00, 0x00, 0x00, 0x00, 0x00, 0x00, 0x00, 
	0x00, 0x00, 0x00, 0x00, 0x00, 0x00, 0x00, 0x00, 0x00, 0x00, 0x00, 0x00, 0x00, 0x00, 0x00, 0x00, 
	0x00, 0x00, 0x00, 0x00, 0x00, 0x00, 0x00, 0x00, 0x00, 0x00, 0x00, 0x00, 0x00, 0x00, 0x00, 0x00, 
	0x00, 0x00, 0x00, 0x00, 0x00, 0x00, 0x00, 0x00, 0x00, 0x00, 0x00, 0x00, 0x00, 0x00, 0x00, 0x00, 
	0x00, 0x00, 0x00, 0x00, 0x00, 0x00, 0x00, 0x00, 0x00, 0x00, 0x00, 0x00, 0x00, 0x00, 0x00, 0x00, 
	0x00, 0x00, 0x00, 0x00, 0x00, 0x00, 0x00, 0x00, 0x00, 0x00, 0x00, 0x00, 0x00, 0x00, 0x00, 0x00, 
	0x00, 0x00, 0x00, 0x00, 0x00, 0x00, 0x00, 0x00, 0x00, 0x00, 0x00, 0x00, 0x00, 0x00, 0x00, 0x00, 
	0x00, 0x00, 0x00, 0x00, 0x00, 0x00, 0x00, 0x00, 0x00, 0x00, 0x00, 0x00, 0x00, 0x00, 0x00, 0x00, 
	0x00, 0x00, 0x00, 0x00, 0x00, 0x00, 0x00, 0x00, 0x00, 0x00, 0x00, 0x00, 0x00, 0x00, 0x00, 0x00, 
	0x00, 0x00, 0x00, 0x00, 0x00, 0x00, 0x00, 0x00, 0x00, 0x00, 0x00, 0x00, 0x00, 0x00, 0x00, 0x00, 
	0x00, 0x00, 0x00, 0x00, 0x00, 0x00, 0x00, 0x00, 0x00, 0x00, 0x00, 0x00, 0x00, 0x00, 0x00, 0x00, 
	0x00, 0x00, 0x00, 0x00, 0x00, 0x00, 0x00, 0x00, 0x00, 0x00, 0x00, 0x00, 0x00, 0x00, 0x00, 0x00, 
	0x00, 0x00, 0x00, 0x00, 0x00, 0x00, 0x00, 0x00, 0x00, 0x00, 0x00, 0x00, 0x00, 0x00, 0x00, 0x00, 
	0x00, 0x00, 0x00, 0x00, 0x00, 0x00, 0x00, 0x00, 0x00, 0x00, 0x00, 0x00, 0x00, 0x00, 0x00, 0x00, 
	0x00, 0x00, 0x00, 0x00, 0x00, 0x00, 0x00, 0x00, 0x00, 0x00, 0x00, 0x00, 0x00, 0x00, 0x00, 0x00, 
	0x00, 0x00, 0x00, 0x00, 0x00, 0x00, 0x00, 0x00, 0x00, 0x00, 0x00, 0x00, 0x00, 0x00, 0x00, 0x00, 
	0x00, 0x00, 0x00, 0x00, 0x00, 0x00, 0x00, 0x00, 0x00, 0x00, 0x00, 0x00, 0x00, 0x00, 0x00, 0x00, 
	0x00, 0x00, 0x00, 0x00, 0x00, 0x00, 0x00, 0x00, 0x00, 0x00, 0x00, 0x00, 0x00, 0x00, 0x00, 0x00, 
	0x00, 0x00, 0x00, 0x00, 0x00, 0x00, 0x00, 0x00, 0x00, 0x00, 0x00, 0x00, 0x00, 0x00, 0x00, 0x00, 
	0x00, 0x00, 0x00, 0x00, 0x00, 0x00, 0x00, 0x00, 0x00, 0x00, 0x00, 0x00, 0x00, 0x00, 0x00, 0x00, 
	0x00, 0x00, 0x00, 0x00, 0x00, 0x00, 0x00, 0x00, 0x00, 0x00, 0x00, 0x00, 0x00, 0x00, 0x00, 0x00, 
	0x00, 0x00, 0x00, 0x00, 0x00, 0x00, 0x00, 0x00, 0x00, 0x00, 0x00, 0x00, 0x00, 0x00, 0x00, 0x00, 
	0x00, 0x00, 0x00, 0x00, 0x00, 0x00, 0x00, 0x00, 0x00, 0x00, 0x00, 0x00, 0x00, 0x00, 0x00, 0x00, 
	0x00, 0x00, 0x00, 0x00, 0x00, 0x00, 0x00, 0x00, 0x00, 0x00, 0x00, 0x00, 0x00, 0x00, 0x00, 0x00, 
	0x00, 0x00, 0x00, 0x00, 0x00, 0x00, 0x00, 0x00, 0x00, 0x00, 0x00, 0x00, 0x00, 0x00, 0x00, 0x00, 
	0x00, 0x00, 0x00, 0x00, 0x00, 0x00, 0x00, 0x00, 0x00, 0x00, 0x00, 0x00, 0x00, 0x00, 0x00, 0x00, 
	0x00, 0x00, 0x00, 0x00, 0x00, 0x00, 0x00, 0x00, 0x00, 0x00, 0x00, 0x00, 0x00, 0x00, 0x00, 0x00, 
	0x00, 0x00, 0x00, 0x00, 0x00, 0x00, 0x00, 0x00, 0x00, 0x00, 0x00, 0x00, 0x00, 0x00, 0x00, 0x00, 
	0x00, 0x00, 0x00, 0x00, 0x00, 0x00, 0x00, 0x00, 0x00, 0x00, 0x00, 0x00, 0x00, 0x00, 0x00, 0x00, 
	0x00, 0x00, 0x00, 0x00, 0x00, 0x00, 0x00, 0x00, 0x00, 0x00, 0x00, 0x00, 0x00, 0x00, 0x00, 0x00, 
	0x00, 0x00, 0x00, 0x00, 0x00, 0x00, 0x00, 0x00, 0x00, 0x00, 0x00, 0x00, 0x00, 0x00, 0x00, 0x00, 
	0x00, 0x00, 0x00, 0x00, 0x00, 0x00, 0x00, 0x00, 0x00, 0x00, 0x00, 0x00, 0x00, 0x00, 0x00, 0x00, 
	0x00, 0x00, 0x00, 0x00, 0x00, 0x00, 0x00, 0x00, 0x00, 0x00, 0x00, 0x00, 0x00, 0x00, 0x00, 0x00, 
	0x00, 0x00, 0x00, 0x00, 0x00, 0x00, 0x00, 0x00, 0x00, 0x00, 0x00, 0x00, 0x00, 0x00, 0x00, 0x00, 
	0x00, 0x00, 0x00, 0x00, 0x00, 0x00, 0x00, 0x00, 0x00, 0x00, 0x00, 0x00, 0x00, 0x00, 0x00, 0x00, 
	0x00, 0x00, 0x00, 0x00, 0x00, 0x00, 0x00, 0x00, 0x00, 0x00, 0x00, 0x00, 0x00, 0x00, 0x00, 0x00, 
	0x00, 0x00, 0x00, 0x00, 0x00, 0x00, 0x00, 0x00, 0x00, 0x00, 0x00, 0x00, 0x00, 0x00, 0x00, 0x00, 
	0x00, 0x00, 0x00, 0x00, 0x00, 0x00, 0x00, 0x00, 0x00, 0x00, 0x00, 0x00, 0x00, 0x00, 0x00, 0x00, 
	0x00, 0x00, 0x00, 0x00, 0x00, 0x00, 0x00, 0x00, 0x00, 0x00, 0x00, 0x00, 0x00, 0x00, 0x00, 0x00, 
	0x00, 0x00, 0x00, 0x00, 0x00, 0x00, 0x00, 0x00, 0x00, 0x00, 0x00, 0x00, 0x00, 0x00, 0x00, 0x00, 
	0x00, 0x00, 0x00, 0x00, 0x00, 0x00, 0x00, 0x00, 0x00, 0x00, 0x00, 0x00, 0x00, 0x00, 0x00, 0x00, 
	0x00, 0x00, 0x00, 0x00, 0x00, 0x00, 0x00, 0x00, 0x00, 0x00, 0x00, 0x00, 0x00, 0x00, 0x00, 0x00, 
	0x00, 0x00, 0x00, 0x00, 0x00, 0x00, 0x00, 0x00, 0x00, 0x00, 0x00, 0x00, 0x00, 0x00, 0x00, 0x00, 
	0x00, 0x00, 0x00, 0x00, 0x00, 0x00, 0x00, 0x00, 0x00, 0x00, 0x00, 0x00, 0x00, 0x00, 0x00, 0x00, 
	0x00, 0x00, 0x00, 0x00, 0x00, 0x00, 0x00, 0x00, 0x00, 0x00, 0x00, 0x00, 0x00, 0x00, 0x00, 0x00, 
	0x00, 0x00, 0x00, 0x00, 0x00, 0x00, 0x00, 0x00, 0x00, 0x00, 0x00, 0x00, 0x00, 0x00, 0x00, 0x00, 
	0x00, 0x00, 0x00, 0x00, 0x00, 0x00, 0x00, 0x00, 0x00, 0x00, 0x00, 0x00, 0x00, 0x00, 0x00, 0x00, 
	0x00, 0x00, 0x00, 0x00, 0x00, 0x00, 0x00, 0x00, 0x00, 0x00, 0x00, 0x00, 0x00, 0x00, 0x00, 0x00, 
	0x00, 0x00, 0x00, 0x00, 0x00, 0x00, 0x00, 0x00, 0x00, 0x00, 0x00, 0x00, 0x00, 0x00, 0x00, 0x00, 
	0x00, 0x00, 0x00, 0x00, 0x00, 0x00, 0x00, 0x00, 0x00, 0x00, 0x00, 0x00, 0x00, 0x00, 0x00, 0x00, 
	0x00, 0x00, 0x00, 0x00, 0x00, 0x00, 0x00, 0x00, 0x00, 0x00, 0x00, 0x00, 0x00, 0x00, 0x00, 0x00, 
	0x00, 0x00, 0x00, 0x00, 0x00, 0x00, 0x00, 0x00, 0x00, 0x00, 0x00, 0x00, 0x00, 0x00, 0x00, 0x00, 
	0x00, 0x00, 0x00, 0x00, 0x00, 0x00, 0x00, 0x00, 0x00, 0x00, 0x00, 0x00, 0x00, 0x00, 0x00, 0x00, 
	0x00, 0x00, 0x00, 0x00, 0x00, 0x00, 0x00, 0x00, 0x00, 0x00, 0x00, 0x00, 0x00, 0x00, 0x00, 0x00, 
	0x00, 0x00, 0x00, 0x00, 0x00, 0x00, 0x00, 0x00, 0x00, 0x00, 0x00, 0x00, 0x00, 0x00, 0x00, 0x00, 
	0x00, 0x00, 0x00, 0x00, 0x00, 0x00, 0x00, 0x00, 0x00, 0x00, 0x00, 0x00, 0x00, 0x00, 0x00, 0x00, 
	0x00, 0x00, 0x00, 0x00, 0x00, 0x00, 0x00, 0x00, 0x00, 0x00, 0x00, 0x00, 0x00, 0x00, 0x00, 0x00, 
	0x00, 0x00, 0x00, 0x00, 0x00, 0x00, 0x00, 0x00, 0x00, 0x00, 0x00, 0x00, 0x00, 0x00, 0x00, 0x00, 
	0x00, 0x00, 0x00, 0x00, 0x00, 0x00, 0x00, 0x00, 0x00, 0x00, 0x00, 0x00, 0x00, 0x00, 0x00, 0x00, 
	0x00, 0x00, 0x00, 0x00, 0x00, 0x00, 0x00, 0x00, 0x00, 0x00, 0x00, 0x00, 0x00, 0x00, 0x00, 0x00, 
	0x00, 0x00, 0x00, 0x00, 0x00, 0x00, 0x00, 0x00, 0x00, 0x00, 0x00, 0x00, 0x00, 0x00, 0x00, 0x00, 
	0x00, 0x00, 0x00, 0x00, 0x00, 0x00, 0x00, 0x00, 0x00, 0x00, 0x00, 0x00, 0x00, 0x00, 0x00, 0x00, 
	0x00, 0x00, 0x00, 0x00, 0x00, 0x00, 0x00, 0x00, 0x00, 0x00, 0x00, 0x00, 0x00, 0x00, 0x00, 0x00, 
	0x00, 0x00, 0x00, 0x00, 0x00, 0x00, 0x00, 0x00, 0x00, 0x00, 0x00, 0x00, 0x00, 0x00, 0x00, 0x00, 
	0x00, 0x00, 0x00, 0x00, 0x00, 0x00, 0x00, 0x00, 0x00, 0x00, 0x00, 0x00, 0x00, 0x00, 0x00, 0x00, 
	0x00, 0x00, 0x00, 0x00, 0x00, 0x00, 0x00, 0x00, 0x00, 0x00, 0x00, 0x00, 0x00, 0x00, 0x00, 0x00, 
	0x00, 0x00, 0x00, 0x00, 0x00, 0x00, 0x00, 0x00, 0x00, 0x00, 0x00, 0x00, 0x00, 0x00, 0x00, 0x00, 
	0x00, 0x00, 0x00, 0x00, 0x00, 0x00, 0x00, 0x00, 0x00, 0x00, 0x00, 0x00, 0x00, 0x00, 0x00, 0x00, 
	0x00, 0x00, 0x00, 0x00, 0x00, 0x00, 0x00, 0x00, 0x00, 0x00, 0x00, 0x00, 0x00, 0x00, 0x00, 0x00, 
	0x00, 0x00, 0x00, 0x00, 0x00, 0x00, 0x00, 0x00, 0x00, 0x00, 0x00, 0x00, 0x00, 0x00, 0x00, 0x00, 
	0x00, 0x00, 0x00, 0x00, 0x00, 0x00, 0x00, 0x00, 0x00, 0x00, 0x00, 0x00, 0x00, 0x00, 0x00, 0x00, 
	0x00, 0x00, 0x00, 0x00, 0x00, 0x00, 0x00, 0x00, 0x00, 0x00, 0x00, 0x00, 0x00, 0x00, 0x00, 0x00, 
	0x00, 0x00, 0x00, 0x00, 0x00, 0x00, 0x00, 0x00, 0x00, 0x00, 0x00, 0x00, 0x00, 0x00, 0x00, 0x00, 
	0x00, 0x00, 0x00, 0x00, 0x00, 0x00, 0x00, 0x00, 0x00, 0x00, 0x00, 0x00, 0x00, 0x00, 0x00, 0x00, 
	0x00, 0x00, 0x00, 0x00, 0x00, 0x00, 0x00, 0x00, 0x00, 0x00, 0x00, 0x00, 0x00, 0x00, 0x00, 0x00, 
	0x00, 0x00, 0x00, 0x00, 0x00, 0x00, 0x00, 0x00, 0x00, 0x00, 0x00, 0x00, 0x00, 0x00, 0x00, 0x00, 
	0x00, 0x00, 0x00, 0x00, 0x00, 0x00, 0x00, 0x00, 0x00, 0x00, 0x00, 0x00, 0x00, 0x00, 0x00, 0x00, 
	0x00, 0x00, 0x00, 0x00, 0x00, 0x00, 0x00, 0x00, 0x00, 0x00, 0x00, 0x00, 0x00, 0x00, 0x00, 0x00, 
	0x00, 0x00, 0x00, 0x00, 0x00, 0x00, 0x00, 0x00, 0x00, 0x00, 0x00, 0x00, 0x00, 0x00, 0x00, 0x00, 
	0x00, 0x00, 0x00, 0x00, 0x00, 0x00, 0x00, 0x00, 0x00, 0x00, 0x00, 0x00, 0x00, 0x00, 0x00, 0x00, 
	0x00, 0x00, 0x00, 0x00, 0x00, 0x00, 0x00, 0x00, 0x00, 0x00, 0x00, 0x00, 0x00, 0x00, 0x00, 0x00, 
	0x00, 0x00, 0x00, 0x00, 0x00, 0x00, 0x00, 0x00, 0x00, 0x00, 0x00, 0x00, 0x00, 0x00, 0x00, 0x00, 
	0x00, 0x00, 0x00, 0x00, 0x00, 0x00, 0x00, 0x00, 0x00, 0x00, 0x00, 0x00, 0x00, 0x00, 0x00, 0x00, 
	0x00, 0x00, 0x00, 0x00, 0x00, 0x00, 0x00, 0x00, 0x00, 0x00, 0x00, 0x00, 0x00, 0x00, 0x00, 0x00, 
	0x00, 0x00, 0x00, 0x00, 0x00, 0x00, 0x00, 0x00, 0x00, 0x00, 0x00, 0x00, 0x00, 0x00, 0x00, 0x00, 
	0x00, 0x00, 0x00, 0x00, 0x00, 0x00, 0x00, 0x00, 0x00, 0x00, 0x00, 0x00, 0x00, 0x00, 0x00, 0x00, 
	0x00, 0x00, 0x00, 0x00, 0x00, 0x00, 0x00, 0x00, 0x00, 0x00, 0x00, 0x00, 0x00, 0x00, 0x00, 0x00, 
	0x00, 0x00, 0x00, 0x00, 0x00, 0x00, 0x00, 0x00, 0x00, 0x00, 0x00, 0x00, 0x00, 0x00, 0x00, 0x00, 
	0x00, 0x00, 0x00, 0x00, 0x00, 0x00, 0x00, 0x00, 0x00, 0x00, 0x00, 0x00, 0x00, 0x00, 0x00, 0x00, 
	0x00, 0x00, 0x00, 0x00, 0x00, 0x00, 0x00, 0x00, 0x00, 0x00, 0x00, 0x00, 0x00, 0x00, 0x00, 0x00, 
	0x00, 0x00, 0x00, 0x00, 0x00, 0x00, 0x00, 0x00, 0x00, 0x00, 0x00, 0x00, 0x00, 0x00, 0x00, 0x00, 
	0x00, 0x00, 0x00, 0x00, 0x00, 0x00, 0x00, 0x00, 0x00, 0x00, 0x00, 0x00, 0x00, 0x00, 0x00, 0x00, 
	0x00, 0x00, 0x00, 0x00, 0x00, 0x00, 0x00, 0x00, 0x00, 0x00, 0x00, 0x00, 0x00, 0x00, 0x00, 0x00, 
	0x00, 0x00, 0x00, 0x00, 0x00, 0x00, 0x00, 0x00, 0x00, 0x00, 0x00, 0x00, 0x00, 0x00, 0x00, 0x00, 
	0x00, 0x00, 0x00, 0x00, 0x00, 0x00, 0x00, 0x00, 0x00, 0x00, 0x00, 0x00, 0x00, 0x00, 0x00, 0x00, 
	0x00, 0x00, 0x00, 0x00, 0x00, 0x00, 0x00, 0x00, 0x00, 0x00, 0x00, 0x00, 0x00, 0x00, 0x00, 0x00, 
	0x00, 0x00, 0x00, 0x00, 0x00, 0x00, 0x00, 0x00, 0x00, 0x00, 0x00, 0x00, 0x00, 0x00, 0x00, 0x00, 
	0x00, 0x00, 0x00, 0x00, 0x00, 0x00, 0x00, 0x00, 0x00, 0x00, 0x00, 0x00, 0x00, 0x00, 0x00, 0x00, 
	0x00, 0x00, 0x00, 0x00, 0x00, 0x00, 0x00, 0x00, 0x00, 0x00, 0x00, 0x00, 0x00, 0x00, 0x00, 0x00, 
	0x00, 0x00, 0x00, 0x00, 0x00, 0x00, 0x00, 0x00, 0x00, 0x00, 0x00, 0x00, 0x00, 0x00, 0x00, 0x00, 
	0x00, 0x00, 0x00, 0x00, 0x00, 0x00, 0x00, 0x00, 0x00, 0x00, 0x00, 0x00, 0x00, 0x00, 0x00, 0x00, 
	0x00, 0x00, 0x00, 0x00, 0x00, 0x00, 0x00, 0x00, 0x00, 0x00, 0x00, 0x00, 0x00, 0x00, 0x00, 0x00, 
	0x00, 0x00, 0x00, 0x00, 0x00, 0x00, 0x00, 0x00, 0x00, 0x00, 0x00, 0x00, 0x00, 0x00, 0x00, 0x00, 
	0x00, 0x00, 0x00, 0x00, 0x00, 0x00, 0x00, 0x00, 0x00, 0x00, 0x00, 0x00, 0x00, 0x00, 0x00, 0x00, 
	0x00, 0x00, 0x00, 0x00, 0x00, 0x00, 0x00, 0x00, 0x00, 0x00, 0x00, 0x00, 0x00, 0x00, 0x00, 0x00, 
	0x00, 0x00, 0x00, 0x00, 0x00, 0x00, 0x00, 0x00, 0x00, 0x00, 0x00, 0x00, 0x00, 0x00, 0x00, 0x00, 
	0x00, 0x00, 0x00, 0x00, 0x00, 0x00, 0x00, 0x00, 0x00, 0x00, 0x00, 0x00, 0x00, 0x00, 0x00, 0x00, 
	0x00, 0x00, 0x00, 0x00, 0x00, 0x00, 0x00, 0x00, 0x00, 0x00, 0x00, 0x00, 0x00, 0x00, 0x00, 0x00, 
	0x00, 0x00, 0x00, 0x00, 0x00, 0x00, 0x00, 0x00, 0x00, 0x00, 0x00, 0x00, 0x00, 0x00, 0x00, 0x00, 
	0x00, 0x00, 0x00, 0x00, 0x00, 0x00, 0x00, 0x00, 0x00, 0x00, 0x00, 0x00, 0x00, 0x00, 0x00, 0x00, 
	0x00, 0x00, 0x00, 0x00, 0x00, 0x00, 0x00, 0x00, 0x00, 0x00, 0x00, 0x00, 0x00, 0x00, 0x00, 0x00, 
	0x00, 0x00, 0x00, 0x00, 0x00, 0x00, 0x00, 0x00, 0x00, 0x00, 0x00, 0x00, 0x00, 0x00, 0x00, 0x00, 
	0x00, 0x00, 0x00, 0x00, 0x00, 0x00, 0x00, 0x00, 0x00, 0x00, 0x00, 0x00, 0x00, 0x00, 0x00, 0x00, 
	0x00, 0x00, 0x00, 0x00, 0x00, 0x00, 0x00, 0x00, 0x00, 0x00, 0x00, 0x00, 0x00, 0x00, 0x00, 0x00, 
	0x00, 0x00, 0x00, 0x00, 0x00, 0x00, 0x00, 0x00, 0x00, 0x00, 0x00, 0x00, 0x00, 0x00, 0x00, 0x00, 
	0x00, 0x00, 0x00, 0x00, 0x00, 0x00, 0x00, 0x00, 0x00, 0x00, 0x00, 0x00, 0x00, 0x00, 0x00, 0x00, 
	0x00, 0x00, 0x00, 0x00, 0x00, 0x00, 0x00, 0x00, 0x00, 0x00, 0x00, 0x00, 0x00, 0x00, 0x00, 0x00, 
	0x00, 0x00, 0x00, 0x00, 0x00, 0x00, 0x00, 0x00, 0x00, 0x00, 0x00, 0x00, 0x00, 0x00, 0x00, 0x00, 
	0x00, 0x00, 0x00, 0x00, 0x00, 0x00, 0x00, 0x00, 0x00, 0x00, 0x00, 0x00, 0x00, 0x00, 0x00, 0x00, 
	0x00, 0x00, 0x00, 0x00, 0x00, 0x00, 0x00, 0x00, 0x00, 0x00, 0x00, 0x00, 0x00, 0x00, 0x00, 0x00, 
	0x00, 0x00, 0x00, 0x00, 0x00, 0x00, 0x00, 0x00, 0x00, 0x00, 0x00, 0x00, 0x00, 0x00, 0x00, 0x00, 
	0x00, 0x00, 0x00, 0x00, 0x00, 0x00, 0x00, 0x00, 0x00, 0x00, 0x00, 0x00, 0x00, 0x00, 0x00, 0x00, 
	0x00, 0x00, 0x00, 0x00, 0x00, 0x00, 0x00, 0x00, 0x00, 0x00, 0x00, 0x00, 0x00, 0x00, 0x00, 0x00, 
	0x00, 0x00, 0x00, 0x00, 0x00, 0x00, 0x00, 0x00, 0x00, 0x00, 0x00, 0x00, 0x00, 0x00, 0x00, 0x00, 
	0x00, 0x00, 0x00, 0x00, 0x00, 0x00, 0x00, 0x00, 0x00, 0x00, 0x00, 0x00, 0x00, 0x00, 0x00, 0x00, 
	0x00, 0x00, 0x00, 0x00, 0x00, 0x00, 0x00, 0x00, 0x00, 0x00, 0x00, 0x00, 0x00, 0x00, 0x00, 0x00, 
	0x00, 0x00, 0x00, 0x00, 0x00, 0x00, 0x00, 0x00, 0x00, 0x00, 0x00, 0x00, 0x00, 0x00, 0x00, 0x00, 
	0x00, 0x00, 0x00, 0x00, 0x00, 0x00, 0x00, 0x00, 0x00, 0x00, 0x00, 0x00, 0x00, 0x00, 0x00, 0x00, 
	0x00, 0x00, 0x00, 0x00, 0x00, 0x00, 0x00, 0x00, 0x00, 0x00, 0x00, 0x00, 0x00, 0x00, 0x00, 0x00, 
	0x00, 0x00, 0x00, 0x00, 0x00, 0x00, 0x00, 0x00, 0x00, 0x00, 0x00, 0x00, 0x00, 0x00, 0x00, 0x00, 
	0x00, 0x00, 0x00, 0x00, 0x00, 0x00, 0x00, 0x00, 0x00, 0x00, 0x00, 0x00, 0x00, 0x00, 0x00, 0x00, 
	0x00, 0x00, 0x00, 0x00, 0x00, 0x00, 0x00, 0x00, 0x00, 0x00, 0x00, 0x00, 0x00, 0x00, 0x00, 0x00, 
	0x00, 0x00, 0x00, 0x00, 0x00, 0x00, 0x00, 0x00, 0x00, 0x00, 0x00, 0x00, 0x00, 0x00, 0x00, 0x00, 
	0x00, 0x00, 0x00, 0x00, 0x00, 0x00, 0x00, 0x00, 0x00, 0x00, 0x00, 0x00, 0x00, 0x00, 0x00, 0x00, 
	0x00, 0x00, 0x00, 0x00, 0x00, 0x00, 0x00, 0x00, 0x00, 0x00, 0x00, 0x00, 0x00, 0x00, 0x00, 0x00, 
	0x00, 0x00, 0x00, 0x00, 0x00, 0x00, 0x00, 0x00, 0x00, 0x00, 0x00, 0x00, 0x00, 0x00, 0x00, 0x00, 
	0x00, 0x00, 0x00, 0x00, 0x00, 0x00, 0x00, 0x00, 0x00, 0x00, 0x00, 0x00, 0x00, 0x00, 0x00, 0x00, 
	0x00, 0x00, 0x00, 0x00, 0x00, 0x00, 0x00, 0x00, 0x00, 0x00, 0x00, 0x00, 0x00, 0x00, 0x00, 0x00, 
	0x00, 0x00, 0x00, 0x00, 0x00, 0x00, 0x00, 0x00, 0x00, 0x00, 0x00, 0x00, 0x00, 0x00, 0x00, 0x00, 
	0x00, 0x00, 0x00, 0x00, 0x00, 0x00, 0x00, 0x00, 0x00, 0x00, 0x00, 0x00, 0x00, 0x00, 0x00, 0x00, 
	0x00, 0x00, 0x00, 0x00, 0x00, 0x00, 0x00, 0x00, 0x00, 0x00, 0x00, 0x00, 0x00, 0x00, 0x00, 0x06, 
	0x00, 0x00, 0x00, 0x1f, 0x00, 0x00, 0x00, 0x5c, 0x02, 0x01, 0x00, 0x81, 0x00, 0x00, 0x00, 0x44, 
	0x00, 0x00, 0x00, 0x0c, 0x00, 0x00, 0x00, 0x00, 0x00, 0x00, 0x00, 0x00, 0x00, 0x00, 0x00, 0x00, 
	0x00, 0x00, 0x00, 0x00, 0x00, 0x00, 0x00, 0x00, 0x00, 0x00, 0x00, 0x00, 0x00, 0x00, 0x00, 0x00, 
	0x00, 0x00, 0x00, 0x00, 0x00, 0x00, 0x00, 0x00, 0x00, 0x00, 0x00, 0x00, 0x00, 0x00, 0x00, 0x00, 
	0x00, 0x00, 0x00, 0x00, 0x00, 0x00, 0x00, 0x00, 0x00, 0x00, 0x00, 0x00, 0x00, 0x00, 0x00, 0x00, 
	0x00, 0x00, 0x00, 0x00, 0x00, 0x00, 0x00, 0x00, 0x00, 0x00, 0x00, 0x00, 0x00, 0x00, 0x00, 0x00, 
	0x00, 0x00, 0x00, 0x00, 0x00, 0x00, 0x00, 0x00, 0x00, 0x00, 0x00, 0x00, 0x00, 0x00, 0x00, 0x00, 
	0x00, 0x00, 0x00, 0x00, 0x00, 0x00, 0x00, 0x00, 0x00, 0x00, 0x00, 0x00, 0x00, 0x00, 0x00, 0x00, 
	0x00, 0x00, 0x00, 0x00, 0x00, 0x00, 0x00, 0x00, 0x00, 0x00, 0x00, 0x00, 0x00, 0x00, 0x00, 0x00, 
	0x00, 0x00, 0x00, 0x00, 0x00, 0x00, 0x00, 0x00, 0x00, 0x00, 0x00, 0x00, 0x00, 0x00, 0x00, 0x00, 
	0x00, 0x00, 0x00, 0x00, 0x00, 0x00, 0x00, 0x00, 0x00, 0x00, 0x00, 0x00, 0x00, 0x00, 0x00, 0x00, 
	0x00, 0x00, 0x00, 0x00, 0x00, 0x00, 0x00, 0x00, 0x00, 0x00, 0x00, 0x00, 0x00, 0x00, 0x00, 0x00, 
	0x00, 0x00, 0x00, 0x00, 0x00, 0x00, 0x00, 0x00, 0x00, 0x00, 0x00, 0x00, 0x00, 0x00, 0x00, 0x00, 
	0x00, 0x00, 0x00, 0x00, 0x00, 0x00, 0x00, 0x00, 0x00, 0x00, 0x00, 0x00, 0x00, 0x00, 0x00, 0x00, 
	0x00, 0x00, 0x00, 0x00, 0x00, 0x00, 0x00, 0x00, 0x00, 0x00, 0x00, 0x00, 0x00, 0x00, 0x00, 0x00, 
	0x00, 0x00, 0x00, 0x00, 0x00, 0x00, 0x00, 0x00, 0x00, 0x00, 0x00, 0x00, 0x00, 0x00, 0x00, 0x00, 
	0x00, 0x00, 0x00, 0x00, 0x00, 0x00, 0x00, 0x00, 0x00, 0x00, 0x00, 0x00, 0x00, 0x00, 0x00, 0x00, 
	0x00, 0x00, 0x00, 0x00, 0x00, 0x00, 0x00, 0x00, 0x00, 0x00, 0x00, 0x00, 0x00, 0x00, 0x00, 0x00, 
	0x00, 0x00, 0x00, 0x00, 0x00, 0x00, 0x00, 0x00, 0x00, 0x00, 0x00, 0x00, 0x00, 0x00, 0x00, 0x00, 
	0x00, 0x00, 0x00, 0x00, 0x00, 0x00, 0x00, 0x00, 0x00, 0x00, 0x00, 0x00, 0x00, 0x00, 0x00, 0x00, 
	0x00, 0x00, 0x00, 0x00, 0x00, 0x00, 0x00, 0x00, 0x00, 0x00, 0x00, 0x00, 0x00, 0x00, 0x00, 0x00, 
	0x00, 0x00, 0x00, 0x00, 0x00, 0x00, 0x00, 0x00, 0x00, 0x00, 0x00, 0x00, 0x00, 0x00, 0x00, 0x00, 
	0x00, 0x00, 0x00, 0x00, 0x00, 0x00, 0x00, 0x00, 0x00, 0x00, 0x00, 0x00, 0x00, 0x00, 0x00, 0x00, 
	0x00, 0x00, 0x00, 0x00, 0x00, 0x00, 0x00, 0x00, 0x00, 0x00, 0x00, 0x00, 0x00, 0x00, 0x00, 0x00, 
	0x00, 0x00, 0x00, 0x00, 0x00, 0x00, 0x00, 0x00, 0x00, 0x00, 0x00, 0x00, 0x00, 0x00, 0x00, 0x00, 
	0x00, 0x00, 0x00, 0x00, 0x00, 0x00, 0x00, 0x00, 0x00, 0x00, 0x00, 0x00, 0x00, 0x00, 0x00, 0x00, 
	0x00, 0x00, 0x00, 0x00, 0x00, 0x00, 0x00, 0x00, 0x00, 0x00, 0x00, 0x00, 0x00, 0x00, 0x00, 0x00, 
	0x00, 0x00, 0x00, 0x00, 0x00, 0x00, 0x00, 0x00, 0x00, 0x00, 0x00, 0x00, 0x00, 0x00, 0x00, 0x00, 
	0x00, 0x00, 0x00, 0x00, 0x00, 0x00, 0x00, 0x00, 0x00, 0x00, 0x00, 0x00, 0x00, 0x00, 0x00, 0x00, 
	0x00, 0x00, 0x00, 0x00, 0x00, 0x00, 0x00, 0x00, 0x00, 0x00, 0x00, 0x00, 0x00, 0x00, 0x00, 0x00, 
	0x00, 0x00, 0x00, 0x00, 0x00, 0x00, 0x00, 0x00, 0x00, 0x00, 0x00, 0x00, 0x00, 0x00, 0x00, 0x00, 
	0x00, 0x00, 0x00, 0x00, 0x00, 0x00, 0x00, 0x00, 0x00, 0x00, 0x00, 0x00, 0x00, 0x00, 0x00, 0x13, 
	0x00, 0x00, 0x00, 0x77, 0x1d, 0x1d, 0x0a, 0xaf, 0x96, 0x7c, 0x1d, 0xd6, 0x00, 0x00, 0x00, 0xa4, 
	0x00, 0x00, 0x00, 0x38, 0x00, 0x00, 0x00, 0x06, 0x00, 0x00, 0x00, 0x00, 0x00, 0x00, 0x00, 0x00, 
	0x00, 0x00, 0x00, 0x00, 0x00, 0x00, 0x00, 0x00, 0x00, 0x00, 0x00, 0x00, 0x00, 0x00, 0x00, 0x00, 
	0x00, 0x00, 0x00, 0x00, 0x00, 0x00, 0x00, 0x00, 0x00, 0x00, 0x00, 0x00, 0x00, 0x00, 0x00, 0x00, 
	0x00, 0x00, 0x00, 0x00, 0x00, 0x00, 0x00, 0x00, 0x00, 0x00, 0x00, 0x00, 0x00, 0x00, 0x00, 0x00, 
	0x00, 0x00, 0x00, 0x00, 0x00, 0x00, 0x00, 0x00, 0x00, 0x00, 0x00, 0x00, 0x00, 0x00, 0x00, 0x00, 
	0x00, 0x00, 0x00, 0x00, 0x00, 0x00, 0x00, 0x00, 0x00, 0x00, 0x00, 0x00, 0x00, 0x00, 0x00, 0x00, 
	0x00, 0x00, 0x00, 0x00, 0x00, 0x00, 0x00, 0x00, 0x00, 0x00, 0x00, 0x00, 0x00, 0x00, 0x00, 0x00, 
	0x00, 0x00, 0x00, 0x00, 0x00, 0x00, 0x00, 0x00, 0x00, 0x00, 0x00, 0x00, 0x00, 0x00, 0x00, 0x00, 
	0x00, 0x00, 0x00, 0x00, 0x00, 0x00, 0x00, 0x00, 0x00, 0x00, 0x00, 0x00, 0x00, 0x00, 0x00, 0x00, 
	0x00, 0x00, 0x00, 0x00, 0x00, 0x00, 0x00, 0x00, 0x00, 0x00, 0x00, 0x00, 0x00, 0x00, 0x00, 0x00, 
	0x00, 0x00, 0x00, 0x00, 0x00, 0x00, 0x00, 0x00, 0x00, 0x00, 0x00, 0x00, 0x00, 0x00, 0x00, 0x00, 
	0x00, 0x00, 0x00, 0x00, 0x00, 0x00, 0x00, 0x00, 0x00, 0x00, 0x00, 0x00, 0x00, 0x00, 0x00, 0x00, 
	0x00, 0x00, 0x00, 0x00, 0x00, 0x00, 0x00, 0x00, 0x00, 0x00, 0x00, 0x00, 0x00, 0x00, 0x00, 0x00, 
	0x00, 0x00, 0x00, 0x00, 0x00, 0x00, 0x00, 0x00, 0x00, 0x00, 0x00, 0x00, 0x00, 0x00, 0x00, 0x00, 
	0x00, 0x00, 0x00, 0x00, 0x00, 0x00, 0x00, 0x00, 0x00, 0x00, 0x00, 0x00, 0x00, 0x00, 0x00, 0x00, 
	0x00, 0x00, 0x00, 0x00, 0x00, 0x00, 0x00, 0x00, 0x00, 0x00, 0x00, 0x00, 0x00, 0x00, 0x00, 0x00, 
	0x00, 0x00, 0x00, 0x00, 0x00, 0x00, 0x00, 0x00, 0x00, 0x00, 0x00, 0x00, 0x00, 0x00, 0x00, 0x00, 
	0x00, 0x00, 0x00, 0x00, 0x00, 0x00, 0x00, 0x00, 0x00, 0x00, 0x00, 0x00, 0x00, 0x00, 0x00, 0x00, 
	0x00, 0x00, 0x00, 0x00, 0x00, 0x00, 0x00, 0x00, 0x00, 0x00, 0x00, 0x00, 0x00, 0x00, 0x00, 0x00, 
	0x00, 0x00, 0x00, 0x00, 0x00, 0x00, 0x00, 0x00, 0x00, 0x00, 0x00, 0x00, 0x00, 0x00, 0x00, 0x00, 
	0x00, 0x00, 0x00, 0x00, 0x00, 0x00, 0x00, 0x00, 0x00, 0x00, 0x00, 0x00, 0x00, 0x00, 0x00, 0x00, 
	0x00, 0x00, 0x00, 0x00, 0x00, 0x00, 0x00, 0x00, 0x00, 0x00, 0x00, 0x00, 0x00, 0x00, 0x00, 0x00, 
	0x00, 0x00, 0x00, 0x00, 0x00, 0x00, 0x00, 0x00, 0x00, 0x00, 0x00, 0x00, 0x00, 0x00, 0x00, 0x00, 
	0x00, 0x00, 0x00, 0x00, 0x00, 0x00, 0x00, 0x00, 0x00, 0x00, 0x00, 0x00, 0x00, 0x00, 0x00, 0x00, 
	0x00, 0x00, 0x00, 0x00, 0x00, 0x00, 0x00, 0x00, 0x00, 0x00, 0x00, 0x00, 0x00, 0x00, 0x00, 0x00, 
	0x00, 0x00, 0x00, 0x00, 0x00, 0x00, 0x00, 0x00, 0x00, 0x00, 0x00, 0x00, 0x00, 0x00, 0x00, 0x00, 
	0x00, 0x00, 0x00, 0x00, 0x00, 0x00, 0x00, 0x00, 0x00, 0x00, 0x00, 0x00, 0x00, 0x00, 0x00, 0x00, 
	0x00, 0x00, 0x00, 0x00, 0x00, 0x00, 0x00, 0x00, 0x00, 0x00, 0x00, 0x00, 0x00, 0x00, 0x00, 0x00, 
	0x00, 0x00, 0x00, 0x00, 0x00, 0x00, 0x00, 0x00, 0x00, 0x00, 0x00, 0x00, 0x00, 0x00, 0x00, 0x00, 
	0x00, 0x00, 0x00, 0x00, 0x00, 0x00, 0x00, 0x00, 0x00, 0x00, 0x00, 0x00, 0x00, 0x00, 0x00, 0x00, 
	0x00, 0x00, 0x00, 0x00, 0x00, 0x00, 0x00, 0x00, 0x00, 0x00, 0x00, 0x06, 0x00, 0x00, 0x00, 0x3f, 
	0x00, 0x00, 0x00, 0xac, 0x9c, 0x9c, 0x57, 0xda, 0xf9, 0xb0, 0x1e, 0xfc, 0x1d, 0x13, 0x02, 0xb9, 
	0x00, 0x00, 0x00, 0x9a, 0x00, 0x00, 0x00, 0x19, 0x00, 0x00, 0x00, 0x00, 0x00, 0x00, 0x00, 0x00, 
	0x00, 0x00, 0x00, 0x00, 0x00, 0x00, 0x00, 0x00, 0x00, 0x00, 0x00, 0x00, 0x00, 0x00, 0x00, 0x00, 
	0x00, 0x00, 0x00, 0x00, 0x00, 0x00, 0x00, 0x00, 0x00, 0x00, 0x00, 0x00, 0x00, 0x00, 0x00, 0x00, 
	0x00, 0x00, 0x00, 0x00, 0x00, 0x00, 0x00, 0x00, 0x00, 0x00, 0x00, 0x00, 0x00, 0x00, 0x00, 0x00, 
	0x00, 0x00, 0x00, 0x00, 0x00, 0x00, 0x00, 0x00, 0x00, 0x00, 0x00, 0x00, 0x00, 0x00, 0x00, 0x00, 
	0x00, 0x00, 0x00, 0x00, 0x00, 0x00, 0x00, 0x00, 0x00, 0x00, 0x00, 0x00, 0x00, 0x00, 0x00, 0x00, 
	0x00, 0x00, 0x00, 0x00, 0x00, 0x00, 0x00, 0x00, 0x00, 0x00, 0x00, 0x00, 0x00, 0x00, 0x00, 0x00, 
	0x00, 0x00, 0x00, 0x00, 0x00, 0x00, 0x00, 0x00, 0x00, 0x00, 0x00, 0x00, 0x00, 0x00, 0x00, 0x00, 
	0x00, 0x00, 0x00, 0x00, 0x00, 0x00, 0x00, 0x00, 0x00, 0x00, 0x00, 0x00, 0x00, 0x00, 0x00, 0x00, 
	0x00, 0x00, 0x00, 0x00, 0x00, 0x00, 0x00, 0x00, 0x00, 0x00, 0x00, 0x00, 0x00, 0x00, 0x00, 0x00, 
	0x00, 0x00, 0x00, 0x00, 0x00, 0x00, 0x00, 0x00, 0x00, 0x00, 0x00, 0x00, 0x00, 0x00, 0x00, 0x00, 
	0x00, 0x00, 0x00, 0x00, 0x00, 0x00, 0x00, 0x00, 0x00, 0x00, 0x00, 0x00, 0x00, 0x00, 0x00, 0x00, 
	0x00, 0x00, 0x00, 0x00, 0x00, 0x00, 0x00, 0x00, 0x00, 0x00, 0x00, 0x00, 0x00, 0x00, 0x00, 0x00, 
	0x00, 0x00, 0x00, 0x00, 0x00, 0x00, 0x00, 0x00, 0x00, 0x00, 0x00, 0x00, 0x00, 0x00, 0x00, 0x00, 
	0x00, 0x00, 0x00, 0x00, 0x00, 0x00, 0x00, 0x00, 0x00, 0x00, 0x00, 0x00, 0x00, 0x00, 0x00, 0x00, 
	0x00, 0x00, 0x00, 0x00, 0x00, 0x00, 0x00, 0x00, 0x00, 0x00, 0x00, 0x00, 0x00, 0x00, 0x00, 0x00, 
	0x00, 0x00, 0x00, 0x00, 0x00, 0x00, 0x00, 0x00, 0x00, 0x00, 0x00, 0x00, 0x00, 0x00, 0x00, 0x00, 
	0x00, 0x00, 0x00, 0x00, 0x00, 0x00, 0x00, 0x00, 0x00, 0x00, 0x00, 0x00, 0x00, 0x00, 0x00, 0x00, 
	0x00, 0x00, 0x00, 0x00, 0x00, 0x00, 0x00, 0x00, 0x00, 0x00, 0x00, 0x00, 0x00, 0x00, 0x00, 0x00, 
	0x00, 0x00, 0x00, 0x00, 0x00, 0x00, 0x00, 0x00, 0x00, 0x00, 0x00, 0x00, 0x00, 0x00, 0x00, 0x00, 
	0x00, 0x00, 0x00, 0x00, 0x00, 0x00, 0x00, 0x00, 0x00, 0x00, 0x00, 0x00, 0x00, 0x00, 0x00, 0x00, 
	0x00, 0x00, 0x00, 0x00, 0x00, 0x00, 0x00, 0x00, 0x00, 0x00, 0x00, 0x00, 0x00, 0x00, 0x00, 0x00, 
	0x00, 0x00, 0x00, 0x00, 0x00, 0x00, 0x00, 0x00, 0x00, 0x00, 0x00, 0x00, 0x00, 0x00, 0x00, 0x00, 
	0x00, 0x00, 0x00, 0x00, 0x00, 0x00, 0x00, 0x00, 0x00, 0x00, 0x00, 0x00, 0x00, 0x00, 0x00, 0x00, 
	0x00, 0x00, 0x00, 0x00, 0x00, 0x00, 0x00, 0x00, 0x00, 0x00, 0x00, 0x00, 0x00, 0x00, 0x00, 0x00, 
	0x00, 0x00, 0x00, 0x00, 0x00, 0x00, 0x00, 0x00, 0x00, 0x00, 0x00, 0x00, 0x00, 0x00, 0x00, 0x00, 
	0x00, 0x00, 0x00, 0x00, 0x00, 0x00, 0x00, 0x00, 0x00, 0x00, 0x00, 0x00, 0x00, 0x00, 0x00, 0x00, 
	0x00, 0x00, 0x00, 0x00, 0x00, 0x00, 0x00, 0x00, 0x00, 0x00, 0x00, 0x00, 0x00, 0x00, 0x00, 0x00, 
	0x00, 0x00, 0x00, 0x00, 0x00, 0x00, 0x00, 0x00, 0x00, 0x00, 0x00, 0x00, 0x00, 0x00, 0x00, 0x00, 
	0x00, 0x00, 0x00, 0x00, 0x00, 0x00, 0x00, 0x00, 0x00, 0x00, 0x00, 0x00, 0x00, 0x00, 0x00, 0x00, 
	0x00, 0x00, 0x00, 0x00, 0x00, 0x00, 0x00, 0x00, 0x00, 0x00, 0x00, 0x19, 0x00, 0x00, 0x00, 0x9a, 
	0x1c, 0x1c, 0x0c, 0xb8, 0xf7, 0xf7, 0x73, 0xfb, 0xff, 0xca, 0x27, 0xff, 0x83, 0x4b, 0x01, 0xdc, 
	0x00, 0x00, 0x00, 0xb1, 0x00, 0x00, 0x00, 0x46, 0x00, 0x00, 0x00, 0x06, 0x00, 0x00, 0x00, 0x00, 
	0x00, 0x00, 0x00, 0x00, 0x00, 0x00, 0x00, 0x00, 0x00, 0x00, 0x00, 0x00, 0x00, 0x00, 0x00, 0x00, 
	0x00, 0x00, 0x00, 0x00, 0x00, 0x00, 0x00, 0x00, 0x00, 0x00, 0x00, 0x00, 0x00, 0x00, 0x00, 0x00, 
	0x00, 0x00, 0x00, 0x00, 0x00, 0x00, 0x00, 0x00, 0x00, 0x00, 0x00, 0x00, 0x00, 0x00, 0x00, 0x00, 
	0x00, 0x00, 0x00, 0x00, 0x00, 0x00, 0x00, 0x00, 0x00, 0x00, 0x00, 0x00, 0x00, 0x00, 0x00, 0x00, 
	0x00, 0x00, 0x00, 0x00, 0x00, 0x00, 0x00, 0x00, 0x00, 0x00, 0x00, 0x00, 0x00, 0x00, 0x00, 0x00, 
	0x00, 0x00, 0x00, 0x00, 0x00, 0x00, 0x00, 0x00, 0x00, 0x00, 0x00, 0x00, 0x00, 0x00, 0x00, 0x00, 
	0x00, 0x00, 0x00, 0x00, 0x00, 0x00, 0x00, 0x00, 0x00, 0x00, 0x00, 0x00, 0x00, 0x00, 0x00, 0x00, 
	0x00, 0x00, 0x00, 0x00, 0x00, 0x00, 0x00, 0x00, 0x00, 0x00, 0x00, 0x00, 0x00, 0x00, 0x00, 0x00, 
	0x00, 0x00, 0x00, 0x00, 0x00, 0x00, 0x00, 0x00, 0x00, 0x00, 0x00, 0x00, 0x00, 0x00, 0x00, 0x00, 
	0x00, 0x00, 0x00, 0x00, 0x00, 0x00, 0x00, 0x00, 0x00, 0x00, 0x00, 0x00, 0x00, 0x00, 0x00, 0x00, 
	0x00, 0x00, 0x00, 0x00, 0x00, 0x00, 0x00, 0x00, 0x00, 0x00, 0x00, 0x00, 0x00, 0x00, 0x00, 0x00, 
	0x00, 0x00, 0x00, 0x00, 0x00, 0x00, 0x00, 0x00, 0x00, 0x00, 0x00, 0x00, 0x00, 0x00, 0x00, 0x00, 
	0x00, 0x00, 0x00, 0x00, 0x00, 0x00, 0x00, 0x00, 0x00, 0x00, 0x00, 0x00, 0x00, 0x00, 0x00, 0x00, 
	0x00, 0x00, 0x00, 0x00, 0x00, 0x00, 0x00, 0x00, 0x00, 0x00, 0x00, 0x00, 0x00, 0x00, 0x00, 0x00, 
	0x00, 0x00, 0x00, 0x00, 0x00, 0x00, 0x00, 0x00, 0x00, 0x00, 0x00, 0x00, 0x00, 0x00, 0x00, 0x00, 
	0x00, 0x00, 0x00, 0x00, 0x00, 0x00, 0x00, 0x00, 0x00, 0x00, 0x00, 0x00, 0x00, 0x00, 0x00, 0x00, 
	0x00, 0x00, 0x00, 0x00, 0x00, 0x00, 0x00, 0x00, 0x00, 0x00, 0x00, 0x00, 0x00, 0x00, 0x00, 0x00, 
	0x00, 0x00, 0x00, 0x00, 0x00, 0x00, 0x00, 0x00, 0x00, 0x00, 0x00, 0x00, 0x00, 0x00, 0x00, 0x00, 
	0x00, 0x00, 0x00, 0x00, 0x00, 0x00, 0x00, 0x00, 0x00, 0x00, 0x00, 0x00, 0x00, 0x00, 0x00, 0x00, 
	0x00, 0x00, 0x00, 0x00, 0x00, 0x00, 0x00, 0x00, 0x00, 0x00, 0x00, 0x00, 0x00, 0x00, 0x00, 0x00, 
	0x00, 0x00, 0x00, 0x00, 0x00, 0x00, 0x00, 0x00, 0x00, 0x00, 0x00, 0x00, 0x00, 0x00, 0x00, 0x00, 
	0x00, 0x00, 0x00, 0x00, 0x00, 0x00, 0x00, 0x00, 0x00, 0x00, 0x00, 0x00, 0x00, 0x00, 0x00, 0x00, 
	0x00, 0x00, 0x00, 0x00, 0x00, 0x00, 0x00, 0x00, 0x00, 0x00, 0x00, 0x00, 0x00, 0x00, 0x00, 0x00, 
	0x00, 0x00, 0x00, 0x00, 0x00, 0x00, 0x00, 0x00, 0x00, 0x00, 0x00, 0x00, 0x00, 0x00, 0x00, 0x00, 
	0x00, 0x00, 0x00, 0x00, 0x00, 0x00, 0x00, 0x00, 0x00, 0x00, 0x00, 0x00, 0x00, 0x00, 0x00, 0x00, 
	0x00, 0x00, 0x00, 0x00, 0x00, 0x00, 0x00, 0x00, 0x00, 0x00, 0x00, 0x00, 0x00, 0x00, 0x00, 0x00, 
	0x00, 0x00, 0x00, 0x00, 0x00, 0x00, 0x00, 0x00, 0x00, 0x00, 0x00, 0x00, 0x00, 0x00, 0x00, 0x00, 
	0x00, 0x00, 0x00, 0x00, 0x00, 0x00, 0x00, 0x00, 0x00, 0x00, 0x00, 0x00, 0x00, 0x00, 0x00, 0x00, 
	0x00, 0x00, 0x00, 0x00, 0x00, 0x00, 0x00, 0x00, 0x00, 0x00, 0x00, 0x00, 0x00, 0x00, 0x00, 0x00, 
	0x00, 0x00, 0x00, 0x00, 0x00, 0x00, 0x00, 0x06, 0x00, 0x00, 0x00, 0x46, 0x00, 0x00, 0x00, 0xb1, 
	0x9c, 0x9c, 0x45, 0xda, 0xff, 0xff, 0x6d, 0xff, 0xff, 0xb3, 0x18, 0xff, 0xca, 0x74, 0x01, 0xfc, 
	0x1d, 0x12, 0x01, 0xb9, 0x00, 0x00, 0x00, 0xa1, 0x00, 0x00, 0x00, 0x19, 0x00, 0x00, 0x00, 0x00, 
	0x00, 0x00, 0x00, 0x00, 0x00, 0x00, 0x00, 0x00, 0x00, 0x00, 0x00, 0x00, 0x00, 0x00, 0x00, 0x00, 
	0x00, 0x00, 0x00, 0x00, 0x00, 0x00, 0x00, 0x00, 0x00, 0x00, 0x00, 0x00, 0x00, 0x00, 0x00, 0x00, 
	0x00, 0x00, 0x00, 0x00, 0x00, 0x00, 0x00, 0x00, 0x00, 0x00, 0x00, 0x00, 0x00, 0x00, 0x00, 0x00, 
	0x00, 0x00, 0x00, 0x00, 0x00, 0x00, 0x00, 0x00, 0x00, 0x00, 0x00, 0x00, 0x00, 0x00, 0x00, 0x00, 
	0x00, 0x00, 0x00, 0x00, 0x00, 0x00, 0x00, 0x00, 0x00, 0x00, 0x00, 0x00, 0x00, 0x00, 0x00, 0x00, 
	0x00, 0x00, 0x00, 0x00, 0x00, 0x00, 0x00, 0x00, 0x00, 0x00, 0x00, 0x00, 0x00, 0x00, 0x00, 0x00, 
	0x00, 0x00, 0x00, 0x00, 0x00, 0x00, 0x00, 0x00, 0x00, 0x00, 0x00, 0x00, 0x00, 0x00, 0x00, 0x00, 
	0x00, 0x00, 0x00, 0x00, 0x00, 0x00, 0x00, 0x00, 0x00, 0x00, 0x00, 0x00, 0x00, 0x00, 0x00, 0x00, 
	0x00, 0x00, 0x00, 0x00, 0x00, 0x00, 0x00, 0x00, 0x00, 0x00, 0x00, 0x00, 0x00, 0x00, 0x00, 0x00, 
	0x00, 0x00, 0x00, 0x00, 0x00, 0x00, 0x00, 0x00, 0x00, 0x00, 0x00, 0x00, 0x00, 0x00, 0x00, 0x00, 
	0x00, 0x00, 0x00, 0x00, 0x00, 0x00, 0x00, 0x00, 0x00, 0x00, 0x00, 0x00, 0x00, 0x00, 0x00, 0x00, 
	0x00, 0x00, 0x00, 0x00, 0x00, 0x00, 0x00, 0x00, 0x00, 0x00, 0x00, 0x00, 0x00, 0x00, 0x00, 0x00, 
	0x00, 0x00, 0x00, 0x00, 0x00, 0x00, 0x00, 0x00, 0x00, 0x00, 0x00, 0x00, 0x00, 0x00, 0x00, 0x00, 
	0x00, 0x00, 0x00, 0x00, 0x00, 0x00, 0x00, 0x00, 0x00, 0x00, 0x00, 0x00, 0x00, 0x00, 0x00, 0x00, 
	0x00, 0x00, 0x00, 0x00, 0x00, 0x00, 0x00, 0x00, 0x00, 0x00, 0x00, 0x00, 0x00, 0x00, 0x00, 0x00, 
	0x00, 0x00, 0x00, 0x00, 0x00, 0x00, 0x00, 0x00, 0x00, 0x00, 0x00, 0x00, 0x00, 0x00, 0x00, 0x00, 
	0x00, 0x00, 0x00, 0x00, 0x00, 0x00, 0x00, 0x00, 0x00, 0x00, 0x00, 0x00, 0x00, 0x00, 0x00, 0x00, 
	0x00, 0x00, 0x00, 0x00, 0x00, 0x00, 0x00, 0x00, 0x00, 0x00, 0x00, 0x00, 0x00, 0x00, 0x00, 0x00, 
	0x00, 0x00, 0x00, 0x00, 0x00, 0x00, 0x00, 0x00, 0x00, 0x00, 0x00, 0x00, 0x00, 0x00, 0x00, 0x00, 
	0x00, 0x00, 0x00, 0x00, 0x00, 0x00, 0x00, 0x00, 0x00, 0x00, 0x00, 0x00, 0x00, 0x00, 0x00, 0x00, 
	0x00, 0x00, 0x00, 0x00, 0x00, 0x00, 0x00, 0x00, 0x00, 0x00, 0x00, 0x00, 0x00, 0x00, 0x00, 0x00, 
	0x00, 0x00, 0x00, 0x00, 0x00, 0x00, 0x00, 0x00, 0x00, 0x00, 0x00, 0x00, 0x00, 0x00, 0x00, 0x00, 
	0x00, 0x00, 0x00, 0x00, 0x00, 0x00, 0x00, 0x00, 0x00, 0x00, 0x00, 0x00, 0x00, 0x00, 0x00, 0x00, 
	0x00, 0x00, 0x00, 0x00, 0x00, 0x00, 0x00, 0x00, 0x00, 0x00, 0x00, 0x00, 0x00, 0x00, 0x00, 0x00, 
	0x00, 0x00, 0x00, 0x00, 0x00, 0x00, 0x00, 0x00, 0x00, 0x00, 0x00, 0x00, 0x00, 0x00, 0x00, 0x00, 
	0x00, 0x00, 0x00, 0x00, 0x00, 0x00, 0x00, 0x00, 0x00, 0x00, 0x00, 0x00, 0x00, 0x00, 0x00, 0x00, 
	0x00, 0x00, 0x00, 0x00, 0x00, 0x00, 0x00, 0x00, 0x00, 0x00, 0x00, 0x00, 0x00, 0x00, 0x00, 0x00, 
	0x00, 0x00, 0x00, 0x00, 0x00, 0x00, 0x00, 0x00, 0x00, 0x00, 0x00, 0x00, 0x00, 0x00, 0x00, 0x00, 
	0x00, 0x00, 0x00, 0x00, 0x00, 0x00, 0x00, 0x00, 0x00, 0x00, 0x00, 0x00, 0x00, 0x00, 0x00, 0x00, 
	0x00, 0x00, 0x00, 0x00, 0x00, 0x00, 0x00, 0x19, 0x00, 0x00, 0x00, 0x9c, 0x1c, 0x1c, 0x0e, 0xb8, 
	0xf7, 0xf7, 0x6c, 0xfb, 0xff, 0xff, 0x5e, 0xff, 0xff, 0xc7, 0x28, 0xff, 0xf5, 0x9a, 0x0b, 0xff, 
	0x89, 0x51, 0x01, 0xdc, 0x00, 0x00, 0x00, 0xb1, 0x00, 0x00, 0x00, 0x46, 0x00, 0x00, 0x00, 0x06, 
	0x00, 0x00, 0x00, 0x00, 0x00, 0x00, 0x00, 0x00, 0x00, 0x00, 0x00, 0x00, 0x00, 0x00, 0x00, 0x00, 
	0x00, 0x00, 0x00, 0x00, 0x00, 0x00, 0x00, 0x00, 0x00, 0x00, 0x00, 0x00, 0x00, 0x00, 0x00, 0x00, 
	0x00, 0x00, 0x00, 0x00, 0x00, 0x00, 0x00, 0x00, 0x00, 0x00, 0x00, 0x00, 0x00, 0x00, 0x00, 0x00, 
	0x00, 0x00, 0x00, 0x00, 0x00, 0x00, 0x00, 0x00, 0x00, 0x00, 0x00, 0x00, 0x00, 0x00, 0x00, 0x00, 
	0x00, 0x00, 0x00, 0x00, 0x00, 0x00, 0x00, 0x00, 0x00, 0x00, 0x00, 0x00, 0x00, 0x00, 0x00, 0x00, 
	0x00, 0x00, 0x00, 0x00, 0x00, 0x00, 0x00, 0x00, 0x00, 0x00, 0x00, 0x00, 0x00, 0x00, 0x00, 0x00, 
	0x00, 0x00, 0x00, 0x00, 0x00, 0x00, 0x00, 0x00, 0x00, 0x00, 0x00, 0x00, 0x00, 0x00, 0x00, 0x03, 
	0x00, 0x00, 0x00, 0x0e, 0x00, 0x00, 0x00, 0x1d, 0x00, 0x00, 0x00, 0x0b, 0x00, 0x00, 0x00, 0x07, 
	0x00, 0x00, 0x00, 0x0e, 0x00, 0x00, 0x00, 0x03, 0x00, 0x00, 0x00, 0x00, 0x00, 0x00, 0x00, 0x00, 
	0x00, 0x00, 0x00, 0x00, 0x00, 0x00, 0x00, 0x03, 0x00, 0x00, 0x00, 0x21, 0x00, 0x00, 0x00, 0x1d, 
	0x00, 0x00, 0x00, 0x19, 0x00, 0x00, 0x00, 0x1d, 0x00, 0x00, 0x00, 0x03, 0x00, 0x00, 0x00, 0x00, 
	0x00, 0x00, 0x00, 0x03, 0x00, 0x00, 0x00, 0x0b, 0x00, 0x00, 0x00, 0x24, 0x00, 0x00, 0x00, 0x1d, 
	0x00, 0x00, 0x00, 0x03, 0x00, 0x00, 0x00, 0x00, 0x00, 0x00, 0x00, 0x03, 0x00, 0x00, 0x00, 0x1d, 
	0x00, 0x00, 0x00, 0x0b, 0x00, 0x00, 0x00, 0x16, 0x00, 0x00, 0x00, 0x21, 0x00, 0x00, 0x00, 0x1d, 
	0x00, 0x00, 0x00, 0x0b, 0x00, 0x00, 0x00, 0x1d, 0x00, 0x00, 0x00, 0x12, 0x00, 0x00, 0x00, 0x21, 
	0x00, 0x00, 0x00, 0x1d, 0x00, 0x00, 0x00, 0x0b, 0x00, 0x00, 0x00, 0x0b, 0x00, 0x00, 0x00, 0x03, 
	0x00, 0x00, 0x00, 0x00, 0x00, 0x00, 0x00, 0x00, 0x00, 0x00, 0x00, 0x00, 0x00, 0x00, 0x00, 0x00, 
	0x00, 0x00, 0x00, 0x00, 0x00, 0x00, 0x00, 0x03, 0x00, 0x00, 0x00, 0x0e, 0x00, 0x00, 0x00, 0x24, 
	0x00, 0x00, 0x00, 0x2c, 0x00, 0x00, 0x00, 0x21, 0x00, 0x00, 0x00, 0x0e, 0x00, 0x00, 0x00, 0x03, 
	0x00, 0x00, 0x00, 0x00, 0x00, 0x00, 0x00, 0x00, 0x00, 0x00, 0x00, 0x07, 0x00, 0x00, 0x00, 0x21, 
	0x00, 0x00, 0x00, 0x1d, 0x00, 0x00, 0x00, 0x12, 0x00, 0x00, 0x00, 0x1d, 0x00, 0x00, 0x00, 0x03, 
	0x00, 0x00, 0x00, 0x03, 0x00, 0x00, 0x00, 0x21, 0x00, 0x00, 0x00, 0x1d, 0x00, 0x00, 0x00, 0x12, 
	0x00, 0x00, 0x00, 0x1d, 0x00, 0x00, 0x00, 0x07, 0x00, 0x00, 0x00, 0x21, 0x00, 0x00, 0x00, 0x21, 
	0x00, 0x00, 0x00, 0x1d, 0x00, 0x00, 0x00, 0x12, 0x00, 0x00, 0x00, 0x21, 0x27, 0x27, 0x1f, 0x4f, 
	0xb6, 0xb6, 0xa1, 0xb4, 0x00, 0x00, 0x00, 0x43, 0x00, 0x00, 0x00, 0x12, 0x00, 0x00, 0x00, 0x0b, 
	0x00, 0x00, 0x00, 0x03, 0x00, 0x00, 0x00, 0x0e, 0x00, 0x00, 0x00, 0x16, 0x00, 0x00, 0x00, 0x07, 
	0x00, 0x00, 0x00, 0x1d, 0x00, 0x00, 0x00, 0x0b, 0x00, 0x00, 0x00, 0x1d, 0x00, 0x00, 0x00, 0x12, 
	0x00, 0x00, 0x00, 0x21, 0x00, 0x00, 0x00, 0x28, 0x00, 0x00, 0x00, 0x2c, 0x00, 0x00, 0x00, 0x03, 
	0x00, 0x00, 0x00, 0x03, 0x00, 0x00, 0x00, 0x0e, 0x00, 0x00, 0x00, 0x1d, 0x00, 0x00, 0x00, 0x0b, 
	0x00, 0x00, 0x00, 0x0d, 0x00, 0x00, 0x00, 0x50, 0x00, 0x00, 0x00, 0xb2, 0x9c, 0x9c, 0x45, 0xda, 
	0xff, 0xff, 0x6f, 0xff, 0xff, 0xb0, 0x1b, 0xff, 0xff, 0xba, 0x1d, 0xff, 0xff, 0xa9, 0x15, 0xff, 
	0xd8, 0x84, 0x03, 0xfc, 0x1d, 0x12, 0x01, 0xb9, 0x00, 0x00, 0x00, 0xa1, 0x00, 0x00, 0x00, 0x19, 
	0x00, 0x00, 0x00, 0x00, 0x00, 0x00, 0x00, 0x00, 0x00, 0x00, 0x00, 0x00, 0x00, 0x00, 0x00, 0x00, 
	0x00, 0x00, 0x00, 0x00, 0x00, 0x00, 0x00, 0x00, 0x00, 0x00, 0x00, 0x00, 0x00, 0x00, 0x00, 0x00, 
	0x00, 0x00, 0x00, 0x00, 0x00, 0x00, 0x00, 0x00, 0x00, 0x00, 0x00, 0x00, 0x00, 0x00, 0x00, 0x00, 
	0x00, 0x00, 0x00, 0x00, 0x00, 0x00, 0x00, 0x00, 0x00, 0x00, 0x00, 0x00, 0x00, 0x00, 0x00, 0x00, 
	0x00, 0x00, 0x00, 0x00, 0x00, 0x00, 0x00, 0x00, 0x00, 0x00, 0x00, 0x00, 0x00, 0x00, 0x00, 0x00, 
	0x00, 0x00, 0x00, 0x00, 0x00, 0x00, 0x00, 0x00, 0x00, 0x00, 0x00, 0x00, 0x00, 0x00, 0x00, 0x00, 
	0x00, 0x00, 0x00, 0x00, 0x00, 0x00, 0x00, 0x00, 0x00, 0x00, 0x00, 0x03, 0x0e, 0x0e, 0x0c, 0x49, 
	0x61, 0x61, 0x5e, 0x80, 0xb1, 0xb1, 0x9a, 0xb0, 0x37, 0x37, 0x2d, 0x70, 0x33, 0x33, 0x2e, 0x6e, 
	0x69, 0x69, 0x57, 0x83, 0x00, 0x00, 0x00, 0x46, 0x00, 0x00, 0x00, 0x0b, 0x00, 0x00, 0x00, 0x00, 
	0x00, 0x00, 0x00, 0x03, 0x27, 0x27, 0x20, 0x4f, 0xb7, 0xb7, 0xb2, 0xb5, 0xa4, 0xa4, 0x9c, 0xa8, 
	0x9b, 0x96, 0x78, 0xa1, 0xb1, 0x9c, 0x7d, 0xb0, 0x00, 0x00, 0x00, 0x22, 0x00, 0x00, 0x00, 0x07, 
	0x09, 0x09, 0x08, 0x3a, 0x4b, 0x4b, 0x4b, 0x77, 0xc0, 0xc0, 0xb4, 0xbd, 0xb3, 0xa6, 0x85, 0xb2, 
	0x00, 0x00, 0x00, 0x3f, 0x00, 0x00, 0x00, 0x07, 0x28, 0x27, 0x1f, 0x4c, 0xb3, 0xb3, 0x9c, 0xb2, 
	0x4b, 0x4b, 0x48, 0x77, 0x80, 0x80, 0x74, 0x91, 0xb8, 0xb8, 0xa0, 0xb7, 0xb1, 0xb1, 0x97, 0xb0, 
	0x40, 0x40, 0x3c, 0x73, 0xae, 0xae, 0xa8, 0xae, 0x6f, 0x6f, 0x63, 0x88, 0xb8, 0xb8, 0x9b, 0xb7, 
	0xb1, 0xb1, 0x94, 0xb0, 0x31, 0x31, 0x2b, 0x6e, 0x57, 0x57, 0x49, 0x7b, 0x00, 0x00, 0x00, 0x46, 
	0x00, 0x00, 0x00, 0x21, 0x00, 0x00, 0x00, 0x03, 0x00, 0x00, 0x00, 0x00, 0x00, 0x00, 0x00, 0x07, 
	0x00, 0x00, 0x00, 0x28, 0x09, 0x09, 0x09, 0x53, 0x61, 0x61, 0x55, 0x80, 0xc5, 0xc5, 0xb5, 0xc1, 
	0xd2, 0xd2, 0xca, 0xce, 0xb9, 0xb9, 0xa8, 0xb7, 0x69, 0x66, 0x52, 0x83, 0x00, 0x00, 0x00, 0x3c, 
	0x00, 0x00, 0x00, 0x07, 0x00, 0x00, 0x00, 0x07, 0x1e, 0x1e, 0x1a, 0x67, 0xb7, 0xb7, 0xb6, 0xb6, 
	0xa9, 0xa9, 0x97, 0xab, 0x6f, 0x67, 0x53, 0x88, 0xaf, 0x9a, 0x7b, 0xaf, 0x00, 0x00, 0x00, 0x22, 
	0x27, 0x27, 0x1f, 0x4f, 0xb7, 0xb7, 0xb2, 0xb6, 0xae, 0xae, 0xa0, 0xae, 0x65, 0x65, 0x54, 0x84, 
	0xaf, 0xa2, 0x82, 0xaf, 0x1e, 0x1b, 0x16, 0x67, 0xb8, 0xb8, 0xaa, 0xb7, 0xb7, 0xb7, 0xb7, 0xb6, 
	0xa9, 0xa9, 0x96, 0xac, 0x6f, 0x6f, 0x5f, 0x88, 0xae, 0xa3, 0x82, 0xb0, 0x28, 0x28, 0x27, 0x81, 
	0xec, 0xec, 0xec, 0xed, 0xb7, 0xb7, 0x9c, 0xbf, 0x7b, 0x75, 0x5d, 0x8d, 0x40, 0x40, 0x35, 0x73, 
	0x0d, 0x0d, 0x0c, 0x61, 0x70, 0x70, 0x68, 0x86, 0x93, 0x93, 0x76, 0x9b, 0x1e, 0x1e, 0x19, 0x67, 
	0xb1, 0xb1, 0x9a, 0xb0, 0x3e, 0x3e, 0x3a, 0x72, 0xad, 0xad, 0xa6, 0xae, 0x66, 0x66, 0x5d, 0x84, 
	0xbb, 0xbb, 0xad, 0xb8, 0xc4, 0xc4, 0xbf, 0xc2, 0xd8, 0xca, 0xa1, 0xd4, 0x00, 0x00, 0x00, 0x38, 
	0x0b, 0x0b, 0x09, 0x48, 0x5b, 0x5b, 0x58, 0x7e, 0xb1, 0xb1, 0x9a, 0xb0, 0x37, 0x37, 0x2d, 0x70, 
	0x2b, 0x2b, 0x26, 0x7c, 0x41, 0x41, 0x36, 0xcf, 0x12, 0x12, 0x08, 0xcb, 0xec, 0xec, 0x70, 0xfb, 
	0xff, 0xff, 0x5b, 0xff, 0xff, 0xb6, 0x1b, 0xff, 0xff, 0xc4, 0x26, 0xff, 0xff, 0xca, 0x2a, 0xff, 
	0xe0, 0x81, 0x06, 0xff, 0x87, 0x4f, 0x01, 0xdc, 0x00, 0x00, 0x00, 0xb1, 0x00, 0x00, 0x00, 0x46, 
	0x00, 0x00, 0x00, 0x06, 0x00, 0x00, 0x00, 0x00, 0x00, 0x00, 0x00, 0x00, 0x00, 0x00, 0x00, 0x00, 
	0x00, 0x00, 0x00, 0x00, 0x00, 0x00, 0x00, 0x00, 0x00, 0x00, 0x00, 0x00, 0x00, 0x00, 0x00, 0x00, 
	0x00, 0x00, 0x00, 0x00, 0x00, 0x00, 0x00, 0x00, 0x00, 0x00, 0x00, 0x00, 0x00, 0x00, 0x00, 0x00, 
	0x00, 0x00, 0x00, 0x00, 0x00, 0x00, 0x00, 0x00, 0x00, 0x00, 0x00, 0x00, 0x00, 0x00, 0x00, 0x00, 
	0x00, 0x00, 0x00, 0x00, 0x00, 0x00, 0x00, 0x00, 0x00, 0x00, 0x00, 0x00, 0x00, 0x00, 0x00, 0x00, 
	0x00, 0x00, 0x00, 0x00, 0x00, 0x00, 0x00, 0x00, 0x00, 0x00, 0x00, 0x00, 0x00, 0x00, 0x00, 0x00, 
	0x00, 0x00, 0x00, 0x00, 0x00, 0x00, 0x00, 0x00, 0x0a, 0x09, 0x07, 0x36, 0xe6, 0xe6, 0xdb, 0xe5, 
	0xff, 0xff, 0xff, 0xff, 0xff, 0xec, 0xbd, 0xfe, 0xe8, 0xce, 0xa4, 0xf9, 0xff, 0xff, 0xe5, 0xff, 
	0xff, 0xff, 0xf8, 0xff, 0xf2, 0xd6, 0xab, 0xf2, 0x32, 0x2c, 0x23, 0x6f, 0x00, 0x00, 0x00, 0x0b, 
	0x00, 0x00, 0x00, 0x08, 0x29, 0x29, 0x24, 0x81, 0xf7, 0xf7, 0xf7, 0xf7, 0xff, 0xff, 0xff, 0xff, 
	0xe8, 0xce, 0xa3, 0xfc, 0xb5, 0xa0, 0x80, 0xd5, 0x00, 0x00, 0x00, 0x3b, 0x29, 0x25, 0x1e, 0x5d, 
	0xd2, 0xd2, 0xc6, 0xd1, 0xf7, 0xf7, 0xf7, 0xf7, 0xff, 0xff, 0xff, 0xff, 0xfa, 0xde, 0xb1, 0xfa, 
	0x9c, 0x8a, 0x6e, 0xb9, 0x00, 0x00, 0x00, 0x2e, 0x22, 0x20, 0x19, 0x7e, 0xde, 0xde, 0xd2, 0xe2, 
	0xff, 0xff, 0xff, 0xff, 0xfc, 0xee, 0xbf, 0xfc, 0xce, 0xb6, 0x91, 0xdc, 0xce, 0xce, 0xac, 0xd6, 
	0xf8, 0xf8, 0xf8, 0xf8, 0xff, 0xff, 0xfc, 0xff, 0xfa, 0xdc, 0xaf, 0xfe, 0xee, 0xd2, 0xa7, 0xfc, 
	0xf9, 0xdc, 0xaf, 0xff, 0xff, 0xff, 0xdc, 0xff, 0xff, 0xff, 0xf5, 0xff, 0xfa, 0xfa, 0xcc, 0xfa, 
	0xb7, 0xb7, 0x94, 0xb6, 0x00, 0x00, 0x00, 0x43, 0x00, 0x00, 0x00, 0x0b, 0x1e, 0x1e, 0x1c, 0x67, 
	0xc5, 0xc5, 0xbf, 0xc2, 0xfe, 0xfe, 0xd5, 0xfe, 0xfd, 0xdf, 0xb2, 0xfe, 0xf8, 0xdb, 0xaf, 0xf9, 
	0xfd, 0xfd, 0xd5, 0xfd, 0xff, 0xff, 0xe8, 0xff, 0xfc, 0xfc, 0xd0, 0xfc, 0xd0, 0xb8, 0x93, 0xd6, 
	0x1b, 0x17, 0x13, 0x67, 0x25, 0x21, 0x1a, 0x53, 0xbb, 0xbb, 0xb1, 0xc9, 0xf1, 0xf1, 0xf1, 0xf1, 
	0xff, 0xff, 0xf2, 0xff, 0xdd, 0xc4, 0x9c, 0xfb, 0xaa, 0x96, 0x78, 0xca, 0x00, 0x00, 0x00, 0x38, 
	0x26, 0x26, 0x20, 0x80, 0xed, 0xed, 0xed, 0xee, 0xff, 0xff, 0xff, 0xff, 0xef, 0xd2, 0xa8, 0xfb, 
	0xb0, 0x9c, 0x7c, 0xce, 0x18, 0x15, 0x11, 0x86, 0xc4, 0xc2, 0x9b, 0xcf, 0xf1, 0xf1, 0xf1, 0xf2, 
	0xff, 0xff, 0xf0, 0xff, 0xfd, 0xdf, 0xb3, 0xfd, 0xc3, 0xad, 0x8a, 0xdd, 0x29, 0x29, 0x22, 0x8a, 
	0xfc, 0xfc, 0xe6, 0xfc, 0xe3, 0xc9, 0xa0, 0xff, 0xd3, 0xbb, 0x95, 0xff, 0xff, 0xff, 0xd3, 0xff, 
	0xff, 0xff, 0xff, 0xfe, 0xff, 0xff, 0xf8, 0xff, 0xf1, 0xd4, 0xaa, 0xfc, 0xd2, 0xba, 0x94, 0xde, 
	0xcc, 0xcc, 0xb3, 0xd4, 0xf8, 0xf8, 0xf8, 0xf8, 0xff, 0xff, 0xfe, 0xff, 0xfc, 0xde, 0xb1, 0xff, 
	0xfd, 0xdf, 0xb2, 0xff, 0xff, 0xf0, 0xc0, 0xff, 0xd9, 0xc0, 0x99, 0xf4, 0x2e, 0x29, 0x20, 0x7f, 
	0xe5, 0xe5, 0xd9, 0xe4, 0xff, 0xff, 0xff, 0xff, 0xff, 0xed, 0xbe, 0xfe, 0xe9, 0xce, 0xa5, 0xfa, 
	0xff, 0xff, 0xe4, 0xff, 0xff, 0xff, 0xf9, 0xff, 0xf0, 0xd5, 0xa8, 0xfd, 0xa5, 0xa3, 0x53, 0xff, 
	0xf4, 0xb2, 0x1c, 0xff, 0xff, 0xb6, 0x1b, 0xff, 0xff, 0xb4, 0x1b, 0xff, 0xff, 0xbb, 0x1e, 0xff, 
	0xff, 0xa9, 0x15, 0xff, 0xd8, 0x89, 0x08, 0xfc, 0x1c, 0x11, 0x01, 0xb9, 0x00, 0x00, 0x00, 0xa1, 
	0x00, 0x00, 0x00, 0x19, 0x00, 0x00, 0x00, 0x00, 0x00, 0x00, 0x00, 0x00, 0x00, 0x00, 0x00, 0x00, 
	0x00, 0x00, 0x00, 0x00, 0x00, 0x00, 0x00, 0x00, 0x00, 0x00, 0x00, 0x00, 0x00, 0x00, 0x00, 0x00, 
	0x00, 0x00, 0x00, 0x00, 0x00, 0x00, 0x00, 0x00, 0x00, 0x00, 0x00, 0x00, 0x00, 0x00, 0x00, 0x00, 
	0x00, 0x00, 0x00, 0x00, 0x00, 0x00, 0x00, 0x00, 0x00, 0x00, 0x00, 0x00, 0x00, 0x00, 0x00, 0x00, 
	0x00, 0x00, 0x00, 0x00, 0x00, 0x00, 0x00, 0x00, 0x00, 0x00, 0x00, 0x00, 0x00, 0x00, 0x00, 0x00, 
	0x00, 0x00, 0x00, 0x00, 0x00, 0x00, 0x00, 0x00, 0x00, 0x00, 0x00, 0x00, 0x00, 0x00, 0x00, 0x00, 
	0x00, 0x00, 0x00, 0x00, 0x00, 0x00, 0x00, 0x00, 0x00, 0x00, 0x00, 0x1e, 0x29, 0x29, 0x21, 0x8a, 
	0xfb, 0xfb, 0xd2, 0xfb, 0xc8, 0xb2, 0x8e, 0xf9, 0x79, 0x6c, 0x56, 0xbb, 0x44, 0x3f, 0x32, 0x93, 
	0xff, 0xff, 0xe0, 0xff, 0xd1, 0xb9, 0x94, 0xfb, 0xa2, 0x90, 0x73, 0xd1, 0x00, 0x00, 0x00, 0x2c, 
	0x00, 0x00, 0x00, 0x0a, 0x27, 0x27, 0x24, 0x8a, 0xf9, 0xf9, 0xf2, 0xf9, 0xff, 0xff, 0xec, 0xff, 
	0xc6, 0xb0, 0x8c, 0xfb, 0x8e, 0x7f, 0x65, 0xc8, 0x00, 0x00, 0x00, 0x39, 0x00, 0x00, 0x00, 0x2c, 
	0x1b, 0x19, 0x14, 0x86, 0xc8, 0xc8, 0xae, 0xd1, 0xff, 0xf8, 0xc6, 0xff, 0xe0, 0xc7, 0x9e, 0xff, 
	0xd3, 0xbb, 0x95, 0xf5, 0x2d, 0x28, 0x1f, 0x7a, 0x00, 0x00, 0x00, 0x3f, 0x27, 0x27, 0x1f, 0x8a, 
	0xf7, 0xe4, 0xb5, 0xf7, 0xbe, 0xa9, 0x87, 0xf4, 0x15, 0x13, 0x0f, 0x87, 0x17, 0x14, 0x10, 0x86, 
	0xc8, 0xc6, 0x9f, 0xd1, 0xf8, 0xdb, 0xae, 0xfe, 0xa9, 0x97, 0x79, 0xee, 0x01, 0x01, 0x01, 0x80, 
	0x0d, 0x0b, 0x09, 0x83, 0x33, 0x2e, 0x24, 0x90, 0xd7, 0xc5, 0x9d, 0xdc, 0xff, 0xff, 0xdd, 0xff, 
	0xfa, 0xfa, 0xd3, 0xfa, 0xae, 0x99, 0x7a, 0xc2, 0x20, 0x20, 0x1c, 0x69, 0xbe, 0xbe, 0xbe, 0xcb, 
	0xfd, 0xf0, 0xbf, 0xfd, 0xbd, 0xa7, 0x85, 0xe0, 0x32, 0x2c, 0x23, 0x91, 0x00, 0x00, 0x00, 0x6b, 
	0x15, 0x13, 0x0f, 0x86, 0xab, 0x96, 0x78, 0xcb, 0xff, 0xeb, 0xbc, 0xff, 0xe9, 0xce, 0xa4, 0xfc, 
	0xb4, 0xa0, 0x7f, 0xd5, 0x00, 0x00, 0x00, 0x5c, 0x1e, 0x1e, 0x19, 0x87, 0xd7, 0xd7, 0xd0, 0xdc, 
	0xff, 0xff, 0xdc, 0xff, 0xb8, 0xa5, 0x83, 0xf7, 0x60, 0x56, 0x44, 0xa7, 0x00, 0x00, 0x00, 0x31, 
	0x27, 0x27, 0x24, 0x8a, 0xf8, 0xf8, 0xf8, 0xf8, 0xff, 0xff, 0xec, 0xff, 0xb4, 0xa1, 0x80, 0xf5, 
	0x33, 0x2d, 0x24, 0x92, 0x00, 0x00, 0x00, 0x38, 0x13, 0x10, 0x0d, 0x84, 0xaa, 0xa3, 0x82, 0xbf, 
	0xf1, 0xd5, 0xaa, 0xff, 0xb5, 0xa2, 0x81, 0xf4, 0x09, 0x08, 0x06, 0x82, 0x25, 0x21, 0x1a, 0x8a, 
	0xe0, 0xc6, 0x9e, 0xf7, 0x7c, 0x6f, 0x58, 0xc0, 0x50, 0x47, 0x39, 0xa1, 0x4e, 0x4a, 0x3b, 0x96, 
	0xe0, 0xe0, 0xd7, 0xe3, 0xe9, 0xce, 0xa4, 0xff, 0xb2, 0x9f, 0x7e, 0xf4, 0x06, 0x05, 0x04, 0x81, 
	0x18, 0x15, 0x11, 0x86, 0xc5, 0xc5, 0x9e, 0xcf, 0xff, 0xf1, 0xc0, 0xfe, 0xb0, 0x9d, 0x7c, 0xf0, 
	0x1e, 0x1b, 0x15, 0x8a, 0x5d, 0x53, 0x42, 0xa6, 0xa6, 0x95, 0x76, 0xdd, 0x00, 0x00, 0x00, 0x60, 
	0x27, 0x27, 0x20, 0x8a, 0xf9, 0xf9, 0xd4, 0xf9, 0xca, 0xb3, 0x8f, 0xfa, 0x79, 0x6c, 0x56, 0xc5, 
	0x2e, 0x2a, 0x22, 0xd4, 0xfd, 0xfd, 0xdf, 0xff, 0xd2, 0xbb, 0x94, 0xff, 0xb5, 0xa6, 0x70, 0xff, 
	0xd3, 0xa2, 0x1f, 0xff, 0xff, 0xa3, 0x1b, 0xff, 0xff, 0xb1, 0x1b, 0xff, 0xff, 0xb5, 0x1b, 0xff, 
	0xff, 0xb1, 0x1b, 0xff, 0xf5, 0x98, 0x0a, 0xff, 0x8c, 0x59, 0x05, 0xdc, 0x00, 0x00, 0x00, 0xb1, 
	0x00, 0x00, 0x00, 0x46, 0x00, 0x00, 0x00, 0x06, 0x00, 0x00, 0x00, 0x00, 0x00, 0x00, 0x00, 0x00, 
	0x00, 0x00, 0x00, 0x00, 0x00, 0x00, 0x00, 0x00, 0x00, 0x00, 0x00, 0x00, 0x00, 0x00, 0x00, 0x00, 
	0x00, 0x00, 0x00, 0x00, 0x00, 0x00, 0x00, 0x00, 0x00, 0x00, 0x00, 0x00, 0x00, 0x00, 0x00, 0x00, 
	0x00, 0x00, 0x00, 0x00, 0x00, 0x00, 0x00, 0x00, 0x00, 0x00, 0x00, 0x00, 0x00, 0x00, 0x00, 0x00, 
	0x00, 0x00, 0x00, 0x00, 0x00, 0x00, 0x00, 0x00, 0x00, 0x00, 0x00, 0x00, 0x00, 0x00, 0x00, 0x00, 
	0x00, 0x00, 0x00, 0x00, 0x00, 0x00, 0x00, 0x00, 0x00, 0x00, 0x00, 0x00, 0x00, 0x00, 0x00, 0x00, 
	0x00, 0x00, 0x00, 0x00, 0x00, 0x00, 0x00, 0x00, 0x00, 0x00, 0x00, 0x0b, 0x27, 0x27, 0x20, 0x8a, 
	0xf9, 0xf9, 0xe0, 0xf9, 0xc9, 0xb3, 0x8f, 0xf9, 0x85, 0x76, 0x5e, 0xb9, 0x27, 0x27, 0x27, 0x8a, 
	0xf7, 0xf7, 0xd1, 0xf7, 0xba, 0xa7, 0x84, 0xfa, 0x7f, 0x72, 0x5a, 0xbe, 0x00, 0x00, 0x00, 0x2f, 
	0x00, 0x00, 0x00, 0x11, 0x2a, 0x2a, 0x2a, 0x8b, 0xf9, 0xf5, 0xc4, 0xf9, 0xbd, 0xa7, 0x85, 0xcd, 
	0xd4, 0xbc, 0x96, 0xfe, 0xb4, 0xa0, 0x80, 0xee, 0x00, 0x00, 0x00, 0x58, 0x00, 0x00, 0x00, 0x0c, 
	0x1c, 0x1c, 0x16, 0x87, 0xd2, 0xd2, 0xa9, 0xd8, 0xd2, 0xbb, 0x95, 0xfd, 0xc2, 0xac, 0x89, 0xfa, 
	0xeb, 0xcf, 0xa5, 0xfe, 0xd2, 0xb9, 0x94, 0xeb, 0x20, 0x1c, 0x16, 0x71, 0x25, 0x25, 0x25, 0x89, 
	0xf3, 0xf3, 0xc7, 0xf3, 0xbb, 0xa8, 0x85, 0xf2, 0x00, 0x00, 0x00, 0x64, 0x1b, 0x18, 0x13, 0x7d, 
	0xc1, 0xc1, 0x9c, 0xcd, 0xe3, 0xc9, 0xa0, 0xfe, 0xa2, 0x92, 0x73, 0xec, 0x00, 0x00, 0x00, 0x5d, 
	0x00, 0x00, 0x00, 0x26, 0x00, 0x00, 0x00, 0x34, 0x1e, 0x1b, 0x15, 0x88, 0xde, 0xc8, 0xa0, 0xe1, 
	0xff, 0xf0, 0xbf, 0xfe, 0xba, 0xa5, 0x83, 0xf1, 0x3b, 0x39, 0x2e, 0x90, 0xff, 0xff, 0xdc, 0xff, 
	0xbb, 0xa7, 0x85, 0xf5, 0x2c, 0x28, 0x1f, 0x90, 0x00, 0x00, 0x00, 0x38, 0x00, 0x00, 0x00, 0x1e, 
	0x00, 0x00, 0x00, 0x2d, 0x1a, 0x17, 0x12, 0x86, 0xca, 0xb5, 0x91, 0xd3, 0xff, 0xe4, 0xb6, 0xff, 
	0xc2, 0xad, 0x89, 0xf6, 0x51, 0x48, 0x39, 0x92, 0x27, 0x27, 0x21, 0x8a, 0xf7, 0xf7, 0xc8, 0xf7, 
	0xff, 0xf3, 0xc2, 0xff, 0xc6, 0xb0, 0x8c, 0xfc, 0xa5, 0x93, 0x75, 0xd9, 0x03, 0x03, 0x02, 0x56, 
	0x3f, 0x3f, 0x3f, 0x91, 0xff, 0xff, 0xff, 0xff, 0xff, 0xff, 0xda, 0xff, 0xa7, 0x97, 0x78, 0xf8, 
	0x64, 0x59, 0x47, 0xab, 0x00, 0x00, 0x00, 0x21, 0x18, 0x15, 0x11, 0x6a, 0xa5, 0xa5, 0x98, 0xbc, 
	0xff, 0xfd, 0xca, 0xff, 0xb5, 0xa0, 0x80, 0xf4, 0x04, 0x03, 0x03, 0x6c, 0x1f, 0x1c, 0x16, 0x82, 
	0xb9, 0xa4, 0x82, 0xd1, 0x00, 0x00, 0x00, 0x6b, 0x19, 0x18, 0x13, 0x86, 0xc3, 0xc3, 0xc3, 0xce, 
	0xff, 0xfd, 0xca, 0xff, 0xb3, 0xa0, 0x7f, 0xf9, 0x75, 0x68, 0x53, 0xbd, 0x00, 0x00, 0x00, 0x47, 
	0x1b, 0x19, 0x14, 0x79, 0xbe, 0xbe, 0x99, 0xcb, 0xff, 0xed, 0xbe, 0xfe, 0xb7, 0xa3, 0x82, 0xed, 
	0x00, 0x00, 0x00, 0x7f, 0x00, 0x00, 0x00, 0x72, 0x00, 0x00, 0x00, 0x76, 0x00, 0x00, 0x00, 0x25, 
	0x27, 0x27, 0x20, 0x8a, 0xf7, 0xf7, 0xe5, 0xf7, 0xea, 0xce, 0xa5, 0xfa, 0x81, 0x72, 0x5b, 0xca, 
	0x18, 0x18, 0x18, 0xdb, 0xf2, 0xf2, 0xcb, 0xfe, 0xbd, 0xa8, 0x83, 0xff, 0x9e, 0x7d, 0x48, 0xff, 
	0xc6, 0x77, 0x06, 0xff, 0xea, 0x8a, 0x07, 0xff, 0xf2, 0x91, 0x07, 0xff, 0xec, 0x8b, 0x07, 0xff, 
	0xf6, 0x99, 0x0b, 0xff, 0xf7, 0xa1, 0x11, 0xff, 0xd7, 0x83, 0x03, 0xfc, 0x1e, 0x13, 0x02, 0xb9, 
	0x00, 0x00, 0x00, 0x8e, 0x00, 0x00, 0x00, 0x19, 0x00, 0x00, 0x00, 0x00, 0x00, 0x00, 0x00, 0x00, 
	0x00, 0x00, 0x00, 0x00, 0x00, 0x00, 0x00, 0x00, 0x00, 0x00, 0x00, 0x00, 0x00, 0x00, 0x00, 0x00, 
	0x00, 0x00, 0x00, 0x00, 0x00, 0x00, 0x00, 0x00, 0x00, 0x00, 0x00, 0x00, 0x00, 0x00, 0x00, 0x00, 
	0x00, 0x00, 0x00, 0x00, 0x00, 0x00, 0x00, 0x00, 0x00, 0x00, 0x00, 0x00, 0x00, 0x00, 0x00, 0x00, 
	0x00, 0x00, 0x00, 0x00, 0x00, 0x00, 0x00, 0x00, 0x00, 0x00, 0x00, 0x00, 0x00, 0x00, 0x00, 0x00, 
	0x00, 0x00, 0x00, 0x00, 0x00, 0x00, 0x00, 0x00, 0x00, 0x00, 0x00, 0x00, 0x00, 0x00, 0x00, 0x00, 
	0x00, 0x00, 0x00, 0x00, 0x00, 0x00, 0x00, 0x00, 0x00, 0x00, 0x00, 0x0a, 0x27, 0x27, 0x21, 0x8a, 
	0xf7, 0xf7, 0xf7, 0xf7, 0xf9, 0xef, 0xbf, 0xf9, 0xaa, 0x9c, 0x7d, 0xbf, 0xd7, 0xd7, 0xd7, 0xdc, 
	0xf4, 0xd7, 0xac, 0xfc, 0x98, 0x88, 0x6c, 0xd7, 0x00, 0x00, 0x00, 0x6b, 0x00, 0x00, 0x00, 0x17, 
	0x2a, 0x2a, 0x27, 0x6d, 0xe4, 0xe4, 0xe4, 0xe6, 0xe2, 0xe2, 0xbf, 0xe5, 0x65, 0x5d, 0x4a, 0x9f, 
	0xff, 0xfb, 0xc9, 0xff, 0xbb, 0xa6, 0x85, 0xf7, 0x57, 0x4d, 0x3d, 0x99, 0x00, 0x00, 0x00, 0x18, 
	0x1e, 0x1e, 0x18, 0x87, 0xda, 0xda, 0xcb, 0xde, 0xdd, 0xc3, 0x9b, 0xf5, 0x3f, 0x38, 0x2d, 0x96, 
	0xff, 0xe3, 0xb5, 0xff, 0xfb, 0xdd, 0xb0, 0xfc, 0xc9, 0xb1, 0x8d, 0xd9, 0x25, 0x25, 0x25, 0x89, 
	0xee, 0xee, 0xd3, 0xef, 0xba, 0xa6, 0x84, 0xed, 0x00, 0x00, 0x00, 0x56, 0x1b, 0x19, 0x14, 0x73, 
	0xbb, 0xbb, 0xae, 0xc9, 0xfe, 0xf0, 0xbf, 0xfe, 0xab, 0x98, 0x79, 0xea, 0x00, 0x00, 0x00, 0x4c, 
	0x00, 0x00, 0x00, 0x01, 0x00, 0x00, 0x00, 0x0a, 0x16, 0x14, 0x10, 0x66, 0x9f, 0x9d, 0x7d, 0xb9, 
	0xff, 0xfd, 0xcb, 0xff, 0xcb, 0xb5, 0x90, 0xf8, 0x98, 0x98, 0x83, 0xb5, 0xff, 0xff, 0xd9, 0xfe, 
	0xae, 0x9b, 0x7b, 0xef, 0x00, 0x00, 0x00, 0x64, 0x00, 0x00, 0x00, 0x08, 0x00, 0x00, 0x00, 0x01, 
	0x00, 0x00, 0x00, 0x04, 0x0f, 0x0d, 0x0a, 0x46, 0x65, 0x5f, 0x4c, 0x9f, 0xff, 0xe7, 0xb8, 0xff, 
	0xbc, 0xa8, 0x86, 0xf9, 0x79, 0x6b, 0x55, 0xb5, 0x54, 0x54, 0x4f, 0x98, 0xfa, 0xec, 0xbd, 0xfa, 
	0xc5, 0xae, 0x8b, 0xd3, 0xf1, 0xd5, 0xaa, 0xff, 0xcb, 0xb4, 0x90, 0xf4, 0x45, 0x45, 0x3b, 0x8c, 
	0xe3, 0xe3, 0xe3, 0xe6, 0xf0, 0xf0, 0xec, 0xf1, 0xff, 0xe2, 0xb5, 0xff, 0xab, 0x99, 0x7a, 0xfa, 
	0x8a, 0x7b, 0x62, 0xc5, 0x00, 0x00, 0x00, 0x31, 0x1a, 0x17, 0x12, 0x58, 0xa1, 0xa1, 0x95, 0xba, 
	0xff, 0xff, 0xcf, 0xff, 0xb8, 0xa4, 0x82, 0xf3, 0x00, 0x00, 0x00, 0x55, 0x00, 0x00, 0x00, 0x28, 
	0x00, 0x00, 0x00, 0x47, 0x0c, 0x0c, 0x0a, 0x41, 0x58, 0x58, 0x58, 0x9a, 0xff, 0xff, 0xff, 0xff, 
	0xd7, 0xbe, 0x98, 0xfb, 0x8a, 0x7b, 0x62, 0xcd, 0x00, 0x00, 0x00, 0x64, 0x00, 0x00, 0x00, 0x15, 
	0x1b, 0x19, 0x14, 0x71, 0xb7, 0xb7, 0xaa, 0xc7, 0xff, 0xff, 0xff, 0xff, 0xe8, 0xcd, 0xa3, 0xfd, 
	0xec, 0xd0, 0xa6, 0xee, 0xf5, 0xd8, 0xac, 0xf6, 0xbb, 0xa5, 0x84, 0xd1, 0x00, 0x00, 0x00, 0x35, 
	0x27, 0x27, 0x21, 0x8a, 0xf6, 0xf6, 0xf6, 0xf6, 0xf9, 0xf9, 0xf9, 0xfa, 0x97, 0x90, 0x73, 0xdf, 
	0xc0, 0xc0, 0xbe, 0xf5, 0xf4, 0xd6, 0xaa, 0xff, 0xa8, 0x8c, 0x5e, 0xff, 0x71, 0x44, 0x01, 0xff, 
	0xb9, 0x6b, 0x00, 0xff, 0xd1, 0x7d, 0x00, 0xff, 0xd2, 0x7e, 0x01, 0xff, 0xd0, 0x7c, 0x00, 0xff, 
	0xcf, 0x7b, 0x00, 0xff, 0xd2, 0x84, 0x05, 0xff, 0xc5, 0x73, 0x00, 0xff, 0x89, 0x51, 0x01, 0xdc, 
	0x00, 0x00, 0x00, 0xaf, 0x00, 0x00, 0x00, 0x3a, 0x00, 0x00, 0x00, 0x06, 0x00, 0x00, 0x00, 0x00, 
	0x00, 0x00, 0x00, 0x00, 0x00, 0x00, 0x00, 0x00, 0x00, 0x00, 0x00, 0x00, 0x00, 0x00, 0x00, 0x00, 
	0x00, 0x00, 0x00, 0x00, 0x00, 0x00, 0x00, 0x00, 0x00, 0x00, 0x00, 0x00, 0x00, 0x00, 0x00, 0x00, 
	0x00, 0x00, 0x00, 0x00, 0x00, 0x00, 0x00, 0x00, 0x00, 0x00, 0x00, 0x00, 0x00, 0x00, 0x00, 0x00, 
	0x00, 0x00, 0x00, 0x00, 0x00, 0x00, 0x00, 0x00, 0x00, 0x00, 0x00, 0x00, 0x00, 0x00, 0x00, 0x00, 
	0x00, 0x00, 0x00, 0x00, 0x00, 0x00, 0x00, 0x00, 0x00, 0x00, 0x00, 0x00, 0x00, 0x00, 0x00, 0x00, 
	0x00, 0x00, 0x00, 0x00, 0x00, 0x00, 0x00, 0x00, 0x00, 0x00, 0x00, 0x0a, 0x27, 0x27, 0x21, 0x8a, 
	0xf8, 0xf8, 0xeb, 0xf8, 0xf0, 0xd4, 0xa9, 0xfe, 0xe4, 0xca, 0xa1, 0xfb, 0xff, 0xff, 0xda, 0xff, 
	0xd9, 0xc0, 0x99, 0xfa, 0x8b, 0x7c, 0x62, 0xc4, 0x00, 0x00, 0x00, 0x4a, 0x12, 0x11, 0x0e, 0x1c, 
	0x4a, 0x4a, 0x47, 0x95, 0xff, 0xff, 0xcd, 0xff, 0xd5, 0xbd, 0x97, 0xfe, 0xe9, 0xce, 0xa4, 0xfc, 
	0xff, 0xff, 0xdb, 0xff, 0xdd, 0xc4, 0x9c, 0xfb, 0x9c, 0x8b, 0x6e, 0xd0, 0x00, 0x00, 0x00, 0x3b, 
	0x20, 0x20, 0x1a, 0x88, 0xe2, 0xe2, 0xc2, 0xe4, 0xd2, 0xba, 0x94, 0xf4, 0x24, 0x20, 0x1a, 0x8c, 
	0xbb, 0xad, 0x8a, 0xc9, 0xf8, 0xda, 0xae, 0xff, 0xfb, 0xfb, 0xd7, 0xfb, 0xd0, 0xd0, 0xd0, 0xd7, 
	0xe5, 0xca, 0xa1, 0xea, 0xa9, 0x98, 0x79, 0xea, 0x00, 0x00, 0x00, 0x51, 0x1b, 0x1a, 0x14, 0x70, 
	0xbb, 0xbb, 0xb3, 0xc9, 0xfe, 0xf5, 0xc4, 0xfe, 0xaa, 0x99, 0x79, 0xe9, 0x00, 0x00, 0x00, 0x4b, 
	0x00, 0x00, 0x00, 0x00, 0x00, 0x00, 0x00, 0x05, 0x19, 0x19, 0x16, 0x5b, 0x9a, 0x9a, 0x9a, 0xb6, 
	0xff, 0xff, 0xf2, 0xff, 0xc5, 0xaf, 0x8b, 0xf9, 0xb7, 0xa8, 0x87, 0xc7, 0xff, 0xff, 0xd7, 0xff, 
	0xb6, 0xa3, 0x81, 0xf3, 0x00, 0x00, 0x00, 0x61, 0x00, 0x00, 0x00, 0x00, 0x00, 0x00, 0x00, 0x00, 
	0x00, 0x00, 0x00, 0x00, 0x00, 0x00, 0x00, 0x17, 0x2f, 0x2f, 0x2b, 0x8c, 0xff, 0xff, 0xf6, 0xff, 
	0xc5, 0xb0, 0x8c, 0xf8, 0x79, 0x6b, 0x55, 0xaf, 0x82, 0x82, 0x82, 0xab, 0xf7, 0xe8, 0xba, 0xf7, 
	0x75, 0x68, 0x53, 0xaa, 0xf5, 0xde, 0xb1, 0xf5, 0xfa, 0xdd, 0xb0, 0xfa, 0xbb, 0xbb, 0x97, 0xc9, 
	0xf9, 0xe2, 0xb4, 0xf9, 0x99, 0x88, 0x6c, 0xc4, 0xc2, 0xac, 0x89, 0xde, 0xb8, 0xa4, 0x82, 0xfd, 
	0xa5, 0x93, 0x75, 0xe1, 0x00, 0x00, 0x00, 0x45, 0x1a, 0x17, 0x12, 0x59, 0xa2, 0xa2, 0x96, 0xba, 
	0xff, 0xff, 0xd2, 0xff, 0xb8, 0xa4, 0x82, 0xf3, 0x00, 0x00, 0x00, 0x50, 0x00, 0x00, 0x00, 0x06, 
	0x08, 0x08, 0x07, 0x20, 0x3e, 0x3e, 0x3e, 0x7c, 0xf4, 0xf4, 0xf4, 0xf4, 0xfc, 0xde, 0xb1, 0xfe, 
	0xa7, 0x96, 0x77, 0xe7, 0x0b, 0x0a, 0x08, 0x83, 0x00, 0x00, 0x00, 0x27, 0x00, 0x00, 0x00, 0x27, 
	0x1b, 0x1b, 0x19, 0x73, 0xb7, 0xb7, 0xb7, 0xc6, 0xff, 0xff, 0xff, 0xff, 0xc8, 0xb3, 0x8e, 0xfd, 
	0xc6, 0xb0, 0x8c, 0xed, 0xcc, 0xb5, 0x90, 0xfa, 0x8b, 0x7c, 0x63, 0xc0, 0x00, 0x00, 0x00, 0x39, 
	0x27, 0x27, 0x21, 0x8a, 0xf6, 0xf6, 0xef, 0xf7, 0xfe, 0xfe, 0xee, 0xff, 0xe5, 0xcb, 0xa2, 0xfe, 
	0xf3, 0xd6, 0xab, 0xff, 0xd1, 0xb8, 0x93, 0xfe, 0x74, 0x68, 0x52, 0xed, 0x00, 0x00, 0x00, 0xcb, 
	0x00, 0x00, 0x00, 0xb2, 0x00, 0x00, 0x00, 0xb2, 0x00, 0x00, 0x00, 0xb2, 0x00, 0x00, 0x00, 0xb2, 
	0x00, 0x00, 0x00, 0xb2, 0x00, 0x00, 0x00, 0xb2, 0x00, 0x00, 0x00, 0xb2, 0x81, 0x4d, 0x08, 0xd2, 
	0x20, 0x15, 0x03, 0xb9, 0x00, 0x00, 0x00, 0x87, 0x00, 0x00, 0x00, 0x19, 0x00, 0x00, 0x00, 0x00, 
	0x00, 0x00, 0x00, 0x00, 0x00, 0x00, 0x00, 0x00, 0x00, 0x00, 0x00, 0x00, 0x00, 0x00, 0x00, 0x00, 
	0x00, 0x00, 0x00, 0x00, 0x00, 0x00, 0x00, 0x00, 0x00, 0x00, 0x00, 0x00, 0x00, 0x00, 0x00, 0x00, 
	0x00, 0x00, 0x00, 0x00, 0x00, 0x00, 0x00, 0x00, 0x00, 0x00, 0x00, 0x00, 0x00, 0x00, 0x00, 0x00, 
	0x00, 0x00, 0x00, 0x00, 0x00, 0x00, 0x00, 0x00, 0x00, 0x00, 0x00, 0x00, 0x00, 0x00, 0x00, 0x00, 
	0x00, 0x00, 0x00, 0x00, 0x00, 0x00, 0x00, 0x00, 0x00, 0x00, 0x00, 0x00, 0x00, 0x00, 0x00, 0x00, 
	0x00, 0x00, 0x00, 0x00, 0x00, 0x00, 0x00, 0x00, 0x00, 0x00, 0x00, 0x0a, 0x29, 0x29, 0x23, 0x8a, 
	0xf9, 0xf9, 0xd8, 0xf9, 0xc9, 0xb4, 0x8e, 0xf9, 0x77, 0x6b, 0x55, 0xbe, 0xaa, 0x97, 0x78, 0xd3, 
	0xe2, 0xc8, 0x9f, 0xff, 0xdc, 0xc2, 0x9a, 0xf5, 0x3a, 0x33, 0x29, 0x80, 0x1e, 0x1e, 0x1c, 0x6d, 
	0xc4, 0xc4, 0xbc, 0xcf, 0xe4, 0xc9, 0xa1, 0xf5, 0x2f, 0x2a, 0x21, 0x91, 0x14, 0x12, 0x0e, 0x86, 
	0xb5, 0xa0, 0x7f, 0xcd, 0xff, 0xe1, 0xb3, 0xff, 0xca, 0xb5, 0x8f, 0xf4, 0x15, 0x13, 0x0f, 0x76, 
	0x22, 0x22, 0x21, 0x88, 0xe8, 0xe8, 0xd3, 0xe9, 0xcb, 0xb4, 0x90, 0xf4, 0x1e, 0x1b, 0x15, 0x8a, 
	0x18, 0x15, 0x11, 0x86, 0xb6, 0xa1, 0x81, 0xcf, 0xff, 0xe8, 0xb9, 0xff, 0xff, 0xf5, 0xc4, 0xff, 
	0xc8, 0xb2, 0x8d, 0xfe, 0xa3, 0x92, 0x74, 0xe7, 0x00, 0x00, 0x00, 0x50, 0x1c, 0x1a, 0x15, 0x77, 
	0xc3, 0xc3, 0xbc, 0xce, 0xfe, 0xfe, 0xdd, 0xfe, 0xb0, 0x9c, 0x7c, 0xec, 0x00, 0x00, 0x00, 0x4b, 
	0x00, 0x00, 0x00, 0x00, 0x00, 0x00, 0x00, 0x0c, 0x1f, 0x1f, 0x1f, 0x7c, 0xd0, 0xd0, 0xd0, 0xd7, 
	0xf5, 0xd8, 0xac, 0xfc, 0x97, 0x87, 0x6b, 0xd9, 0x79, 0x6c, 0x56, 0xb5, 0xff, 0xeb, 0xbc, 0xff, 
	0xcd, 0xb6, 0x91, 0xf6, 0x53, 0x49, 0x3a, 0x96, 0x00, 0x00, 0x00, 0x16, 0x00, 0x00, 0x00, 0x00, 
	0x00, 0x00, 0x00, 0x00, 0x15, 0x15, 0x12, 0x24, 0x55, 0x55, 0x55, 0x99, 0xff, 0xff, 0xfc, 0xff, 
	0xc2, 0xad, 0x89, 0xf5, 0x59, 0x50, 0x3f, 0x9a, 0xc7, 0xc7, 0xc7, 0xd1, 0xd6, 0xbe, 0x97, 0xf7, 
	0x63, 0x58, 0x46, 0xa8, 0xbf, 0xb4, 0x90, 0xcc, 0xff, 0xe2, 0xb4, 0xff, 0xce, 0xb7, 0x91, 0xfe, 
	0xab, 0x99, 0x7a, 0xf0, 0x11, 0x0f, 0x0c, 0x85, 0xaf, 0x9b, 0x7b, 0xc8, 0xd7, 0xbf, 0x98, 0xff, 
	0xb2, 0x9f, 0x7e, 0xf3, 0x00, 0x00, 0x00, 0x5d, 0x1b, 0x18, 0x13, 0x5f, 0xa6, 0xa6, 0x9c, 0xbd, 
	0xff, 0xff, 0xd4, 0xff, 0xb8, 0xa4, 0x83, 0xf4, 0x05, 0x04, 0x04, 0x58, 0x00, 0x00, 0x00, 0x0c, 
	0x25, 0x25, 0x24, 0x6e, 0xd5, 0xd5, 0xd5, 0xda, 0xff, 0xff, 0xed, 0xff, 0xb8, 0xa5, 0x82, 0xf5, 
	0x23, 0x1f, 0x19, 0x8c, 0x00, 0x00, 0x00, 0x38, 0x21, 0x21, 0x20, 0x6b, 0xc0, 0xb6, 0x91, 0xbd, 
	0x18, 0x18, 0x18, 0x81, 0xbd, 0xbd, 0xbd, 0xca, 0xff, 0xff, 0xee, 0xfe, 0xa7, 0x95, 0x77, 0xed, 
	0x13, 0x11, 0x0e, 0x86, 0x8f, 0x80, 0x65, 0xc5, 0x00, 0x00, 0x00, 0x7f, 0x00, 0x00, 0x00, 0x1a, 
	0x27, 0x27, 0x21, 0x8a, 0xf7, 0xf7, 0xd7, 0xf9, 0xd2, 0xba, 0x95, 0xfd, 0x63, 0x59, 0x45, 0xed, 
	0xa2, 0x95, 0x63, 0xfe, 0xd5, 0xbd, 0x96, 0xff, 0xd6, 0xbd, 0x97, 0xfc, 0x29, 0x24, 0x1d, 0xd2, 
	0x00, 0x00, 0x00, 0x75, 0x00, 0x00, 0x00, 0x67, 0x00, 0x00, 0x00, 0x67, 0x00, 0x00, 0x00, 0x6d, 
	0x00, 0x00, 0x00, 0x79, 0x00, 0x00, 0x00, 0xb2, 0x0f, 0x0f, 0x06, 0xb5, 0xf1, 0xf1, 0x69, 0xf9, 
	0xa1, 0x6d, 0x0c, 0xdc, 0x00, 0x00, 0x00, 0xae, 0x00, 0x00, 0x00, 0x46, 0x00, 0x00, 0x00, 0x06, 
	0x00, 0x00, 0x00, 0x00, 0x00, 0x00, 0x00, 0x00, 0x00, 0x00, 0x00, 0x00, 0x00, 0x00, 0x00, 0x00, 
	0x00, 0x00, 0x00, 0x00, 0x00, 0x00, 0x00, 0x00, 0x00, 0x00, 0x00, 0x00, 0x00, 0x00, 0x00, 0x00, 
	0x00, 0x00, 0x00, 0x00, 0x00, 0x00, 0x00, 0x00, 0x00, 0x00, 0x00, 0x00, 0x00, 0x00, 0x00, 0x00, 
	0x00, 0x00, 0x00, 0x00, 0x00, 0x00, 0x00, 0x00, 0x00, 0x00, 0x00, 0x00, 0x00, 0x00, 0x00, 0x00, 
	0x00, 0x00, 0x00, 0x00, 0x00, 0x00, 0x00, 0x00, 0x00, 0x00, 0x00, 0x00, 0x00, 0x00, 0x00, 0x00, 
	0x00, 0x00, 0x00, 0x00, 0x00, 0x00, 0x00, 0x00, 0x00, 0x00, 0x00, 0x0a, 0x29, 0x29, 0x25, 0x8a, 
	0xfb, 0xfb, 0xef, 0xfb, 0xcd, 0xb7, 0x92, 0xf9, 0x7a, 0x6c, 0x56, 0xba, 0x19, 0x16, 0x12, 0x86, 
	0xc1, 0xab, 0x88, 0xd4, 0xfd, 0xe0, 0xb3, 0xfd, 0xd5, 0xbc, 0x96, 0xe6, 0x27, 0x27, 0x27, 0x8a, 
	0xf9, 0xf9, 0xf9, 0xf9, 0xc7, 0xb1, 0x8d, 0xf0, 0x00, 0x00, 0x00, 0x68, 0x0c, 0x0a, 0x08, 0x41, 
	0x5f, 0x5e, 0x4b, 0x9c, 0xff, 0xff, 0xde, 0xff, 0xf4, 0xd7, 0xac, 0xfa, 0x89, 0x79, 0x60, 0xbf, 
	0x25, 0x25, 0x24, 0x89, 0xee, 0xee, 0xee, 0xef, 0xc9, 0xb2, 0x8e, 0xf5, 0x2d, 0x28, 0x20, 0x8e, 
	0x00, 0x00, 0x00, 0x38, 0x1b, 0x18, 0x13, 0x87, 0xbc, 0xa6, 0x84, 0xd8, 0xe7, 0xcc, 0xa3, 0xff, 
	0xb7, 0xa4, 0x82, 0xfd, 0xa1, 0x90, 0x72, 0xe4, 0x00, 0x00, 0x00, 0x4c, 0x1c, 0x1c, 0x19, 0x7e, 
	0xc8, 0xc8, 0xc8, 0xd1, 0xff, 0xff, 0xf4, 0xfe, 0xbd, 0xa8, 0x86, 0xee, 0x00, 0x00, 0x00, 0x71, 
	0x00, 0x00, 0x00, 0x33, 0x1d, 0x1d, 0x1d, 0x68, 0xba, 0xba, 0xaf, 0xc8, 0xf6, 0xd9, 0xad, 0xfe, 
	0xb4, 0xa0, 0x7f, 0xf0, 0x17, 0x14, 0x10, 0x87, 0x22, 0x1f, 0x18, 0x8a, 0xf8, 0xf0, 0xc0, 0xf8, 
	0xfe, 0xe1, 0xb4, 0xfe, 0xd1, 0xb8, 0x93, 0xe7, 0x1b, 0x18, 0x13, 0x6c, 0x00, 0x00, 0x00, 0x28, 
	0x00, 0x00, 0x00, 0x0e, 0x20, 0x20, 0x20, 0x70, 0xca, 0xca, 0xca, 0xd3, 0xf8, 0xda, 0xaf, 0xfb, 
	0x91, 0x82, 0x67, 0xd2, 0x23, 0x1e, 0x18, 0x89, 0xed, 0xed, 0xd1, 0xee, 0xbb, 0xa6, 0x84, 0xf5, 
	0x36, 0x30, 0x27, 0x94, 0x50, 0x48, 0x3a, 0x97, 0xf5, 0xd8, 0xad, 0xff, 0xb9, 0xa5, 0x83, 0xfa, 
	0x7d, 0x70, 0x59, 0xc6, 0x0c, 0x0b, 0x08, 0x7a, 0x8c, 0x8a, 0x6e, 0xaf, 0xff, 0xf1, 0xc0, 0xff, 
	0xba, 0xa7, 0x84, 0xf6, 0x44, 0x3c, 0x30, 0x90, 0x18, 0x18, 0x14, 0x6b, 0xaa, 0xaa, 0xaa, 0xbf, 
	0xff, 0xff, 0xf2, 0xff, 0xba, 0xa6, 0x84, 0xf4, 0x0a, 0x09, 0x07, 0x6b, 0x21, 0x21, 0x1e, 0x5c, 
	0xbb, 0xbb, 0xbb, 0xc9, 0xff, 0xff, 0xff, 0xff, 0xfa, 0xe2, 0xb5, 0xfa, 0x88, 0x79, 0x60, 0xc1, 
	0x00, 0x00, 0x00, 0x7e, 0x1e, 0x1e, 0x1e, 0x6d, 0xbc, 0xbc, 0xbc, 0xca, 0xe2, 0xc7, 0x9f, 0xe9, 
	0x19, 0x19, 0x17, 0x86, 0xc3, 0xc3, 0xb5, 0xce, 0xf7, 0xda, 0xae, 0xfe, 0xaa, 0x99, 0x79, 0xee, 
	0x00, 0x00, 0x00, 0x7f, 0x1c, 0x1c, 0x17, 0x87, 0xaa, 0x97, 0x79, 0xce, 0x00, 0x00, 0x00, 0x33, 
	0x26, 0x26, 0x23, 0x8c, 0xf7, 0xf7, 0xf4, 0xfb, 0xf1, 0xd4, 0xaa, 0xfd, 0x7f, 0x75, 0x51, 0xf5, 
	0x84, 0x83, 0x38, 0xff, 0xc1, 0xa0, 0x70, 0xfe, 0xfc, 0xdf, 0xb2, 0xff, 0xb2, 0x9f, 0x7e, 0xf7, 
	0x00, 0x00, 0x00, 0x72, 0x00, 0x00, 0x00, 0x13, 0x00, 0x00, 0x00, 0x13, 0x00, 0x00, 0x00, 0x1a, 
	0x00, 0x00, 0x00, 0x4b, 0x00, 0x00, 0x00, 0xb2, 0x8c, 0x8c, 0x3f, 0xd5, 0xff, 0xff, 0x7e, 0xff, 
	0xe8, 0x8f, 0x06, 0xfc, 0x1c, 0x10, 0x01, 0xb9, 0x00, 0x00, 0x00, 0xa1, 0x00, 0x00, 0x00, 0x19, 
	0x00, 0x00, 0x00, 0x00, 0x00, 0x00, 0x00, 0x00, 0x00, 0x00, 0x00, 0x00, 0x00, 0x00, 0x00, 0x00, 
	0x00, 0x00, 0x00, 0x00, 0x00, 0x00, 0x00, 0x00, 0x00, 0x00, 0x00, 0x00, 0x00, 0x00, 0x00, 0x00, 
	0x00, 0x00, 0x00, 0x00, 0x00, 0x00, 0x00, 0x00, 0x00, 0x00, 0x00, 0x00, 0x00, 0x00, 0x00, 0x00, 
	0x00, 0x00, 0x00, 0x00, 0x00, 0x00, 0x00, 0x00, 0x00, 0x00, 0x00, 0x00, 0x00, 0x00, 0x00, 0x00, 
	0x00, 0x00, 0x00, 0x00, 0x00, 0x00, 0x00, 0x00, 0x00, 0x00, 0x00, 0x00, 0x00, 0x00, 0x00, 0x00, 
	0x00, 0x00, 0x00, 0x00, 0x00, 0x00, 0x00, 0x00, 0x00, 0x00, 0x00, 0x0d, 0x29, 0x29, 0x24, 0x8a, 
	0xfc, 0xfc, 0xd4, 0xfc, 0xd2, 0xba, 0x95, 0xf9, 0x81, 0x73, 0x5c, 0xbb, 0x00, 0x00, 0x00, 0x6f, 
	0x1b, 0x18, 0x13, 0x87, 0xb1, 0x9d, 0x7d, 0xd5, 0xe1, 0xc7, 0x9e, 0xfb, 0xcd, 0xbe, 0x97, 0xd5, 
	0xfc, 0xe6, 0xb7, 0xfc, 0x9a, 0x8a, 0x6e, 0xd7, 0x00, 0x00, 0x00, 0x66, 0x00, 0x00, 0x00, 0x1d, 
	0x23, 0x23, 0x1e, 0x89, 0xec, 0xec, 0xbf, 0xed, 0xdf, 0xc5, 0x9d, 0xfe, 0xb2, 0x9f, 0x7e, 0xe9, 
	0x25, 0x21, 0x1b, 0x89, 0xf2, 0xf0, 0xbf, 0xf3, 0xbd, 0xa9, 0x87, 0xf5, 0x39, 0x32, 0x28, 0x93, 
	0x00, 0x00, 0x00, 0x16, 0x00, 0x00, 0x00, 0x31, 0x1e, 0x1b, 0x15, 0x88, 0xbf, 0xa9, 0x87, 0xe2, 
	0xc2, 0xae, 0x8a, 0xfd, 0xa2, 0x90, 0x72, 0xe0, 0x00, 0x00, 0x00, 0x52, 0x1b, 0x1b, 0x18, 0x84, 
	0xcc, 0xcc, 0xb5, 0xd4, 0xfd, 0xdf, 0xb2, 0xff, 0xc1, 0xad, 0x89, 0xfa, 0xa7, 0x94, 0x76, 0xcd, 
	0xd8, 0xd0, 0xa7, 0xd5, 0xf3, 0xeb, 0xbc, 0xf3, 0xdc, 0xc3, 0x9c, 0xfd, 0xa6, 0x94, 0x76, 0xde, 
	0x00, 0x00, 0x00, 0x7f, 0x00, 0x00, 0x00, 0x2d, 0x08, 0x07, 0x06, 0x3e, 0x4a, 0x41, 0x34, 0x96, 
	0xdf, 0xc6, 0x9e, 0xff, 0xd4, 0xbc, 0x96, 0xff, 0xe1, 0xc8, 0x9f, 0xf9, 0xbf, 0xb1, 0x8d, 0xbe, 
	0x26, 0x26, 0x22, 0x6c, 0xd7, 0xd7, 0xb0, 0xdc, 0xe9, 0xce, 0xa4, 0xfd, 0xa8, 0x97, 0x77, 0xe2, 
	0x02, 0x01, 0x01, 0x80, 0x36, 0x31, 0x27, 0x8e, 0xff, 0xf7, 0xc5, 0xff, 0xb9, 0xa5, 0x84, 0xf4, 
	0x08, 0x07, 0x06, 0x82, 0x22, 0x1f, 0x18, 0x88, 0xd8, 0xbe, 0x98, 0xe6, 0xba, 0xa6, 0x83, 0xf5, 
	0x28, 0x24, 0x1c, 0x8e, 0x0a, 0x09, 0x07, 0x4d, 0x59, 0x59, 0x4d, 0x9a, 0xff, 0xff, 0xce, 0xff, 
	0xc6, 0xb0, 0x8c, 0xf8, 0x73, 0x66, 0x51, 0xae, 0x14, 0x14, 0x12, 0x7e, 0xac, 0xac, 0x9d, 0xc0, 
	0xff, 0xee, 0xbe, 0xff, 0xbc, 0xa7, 0x85, 0xf4, 0x11, 0x0f, 0x0c, 0x80, 0x39, 0x39, 0x34, 0x8b, 
	0xff, 0xff, 0xef, 0xff, 0xff, 0xec, 0xbc, 0xff, 0xc5, 0xb0, 0x8b, 0xfa, 0x96, 0x86, 0x6b, 0xcf, 
	0xd4, 0xd2, 0xa8, 0xda, 0xf4, 0xf4, 0xf2, 0xf4, 0xfd, 0xfd, 0xe1, 0xfd, 0xaf, 0x9c, 0x7c, 0xde, 
	0x19, 0x16, 0x11, 0x86, 0xc8, 0xb7, 0x93, 0xd1, 0xcc, 0xb5, 0x90, 0xfe, 0xb5, 0xa2, 0x80, 0xf7, 
	0xc3, 0xbf, 0x99, 0xce, 0xe2, 0xe2, 0xd6, 0xe5, 0xdb, 0xc1, 0x9a, 0xf1, 0x00, 0x00, 0x00, 0x5a, 
	0x25, 0x25, 0x21, 0x96, 0xf7, 0xf7, 0xd6, 0xfd, 0xdf, 0xc5, 0x9d, 0xfe, 0x9f, 0x94, 0x60, 0xfe, 
	0x90, 0x90, 0x2e, 0xff, 0x79, 0x4c, 0x0a, 0xff, 0xa8, 0x91, 0x6b, 0xf8, 0xc6, 0xb0, 0x8c, 0xfe, 
	0x89, 0x7a, 0x60, 0xd2, 0x00, 0x00, 0x00, 0x07, 0x00, 0x00, 0x00, 0x01, 0x00, 0x00, 0x00, 0x14, 
	0x00, 0x00, 0x00, 0x8e, 0x0f, 0x0f, 0x06, 0xb5, 0xf1, 0xf1, 0x6a, 0xf9, 0xff, 0xff, 0x63, 0xff, 
	0xeb, 0x8a, 0x06, 0xff, 0x8c, 0x56, 0x03, 0xdc, 0x00, 0x00, 0x00, 0xb1, 0x00, 0x00, 0x00, 0x46, 
	0x00, 0x00, 0x00, 0x06, 0x00, 0x00, 0x00, 0x00, 0x00, 0x00, 0x00, 0x00, 0x00, 0x00, 0x00, 0x00, 
	0x00, 0x00, 0x00, 0x00, 0x00, 0x00, 0x00, 0x00, 0x00, 0x00, 0x00, 0x00, 0x00, 0x00, 0x00, 0x00, 
	0x00, 0x00, 0x00, 0x00, 0x00, 0x00, 0x00, 0x00, 0x00, 0x00, 0x00, 0x00, 0x00, 0x00, 0x00, 0x00, 
	0x00, 0x00, 0x00, 0x00, 0x00, 0x00, 0x00, 0x00, 0x00, 0x00, 0x00, 0x00, 0x00, 0x00, 0x00, 0x00, 
	0x00, 0x00, 0x00, 0x00, 0x00, 0x00, 0x00, 0x00, 0x00, 0x00, 0x00, 0x00, 0x00, 0x00, 0x00, 0x00, 
	0x00, 0x00, 0x00, 0x00, 0x00, 0x00, 0x00, 0x00, 0x09, 0x08, 0x07, 0x39, 0xe3, 0xcd, 0xa5, 0xe5, 
	0xde, 0xc4, 0x9c, 0xf8, 0xc2, 0xae, 0x89, 0xfa, 0xbf, 0xa9, 0x87, 0xef, 0xb5, 0xa0, 0x7f, 0xc5, 
	0x00, 0x00, 0x00, 0x4e, 0x1a, 0x17, 0x12, 0x87, 0xad, 0x9a, 0x7a, 0xd9, 0xc8, 0xb2, 0x8d, 0xfe, 
	0xbd, 0xa8, 0x86, 0xfa, 0xab, 0x9a, 0x7a, 0xed, 0x8f, 0x7f, 0x65, 0xbc, 0x21, 0x1e, 0x18, 0x6d, 
	0xc9, 0xb6, 0x92, 0xd2, 0xd7, 0xbe, 0x98, 0xf4, 0xbb, 0xa7, 0x85, 0xfb, 0xb1, 0x9f, 0x7e, 0xf7, 
	0xbe, 0xa9, 0x86, 0xeb, 0xd8, 0xc0, 0x99, 0xf7, 0xbd, 0xa8, 0x85, 0xf8, 0xb7, 0xa2, 0x81, 0xe4, 
	0x00, 0x00, 0x00, 0x31, 0x00, 0x00, 0x00, 0x05, 0x05, 0x04, 0x03, 0x35, 0x30, 0x2a, 0x22, 0x8e, 
	0xb9, 0xa5, 0x83, 0xea, 0xa6, 0x94, 0x75, 0xda, 0x1d, 0x1a, 0x14, 0x7c, 0xce, 0xbc, 0x96, 0xd5, 
	0xdb, 0xc2, 0x9a, 0xf6, 0xc0, 0xab, 0x88, 0xfd, 0xb5, 0xa2, 0x81, 0xfc, 0xc1, 0xac, 0x89, 0xf6, 
	0xbc, 0xa7, 0x85, 0xe6, 0xa2, 0x90, 0x73, 0xcd, 0x26, 0x22, 0x1b, 0x8d, 0x00, 0x00, 0x00, 0x59, 
	0x00, 0x00, 0x00, 0x26, 0x00, 0x00, 0x00, 0x04, 0x00, 0x00, 0x00, 0x09, 0x04, 0x04, 0x03, 0x3d, 
	0x2d, 0x28, 0x20, 0x8d, 0xa9, 0x96, 0x77, 0xdb, 0xc7, 0xb1, 0x8d, 0xfc, 0xd6, 0xbe, 0x97, 0xfe, 
	0xf1, 0xd4, 0xa9, 0xfa, 0xce, 0xb7, 0x92, 0xef, 0x86, 0x78, 0x5f, 0xc1, 0x00, 0x00, 0x00, 0x76, 
	0x1b, 0x18, 0x13, 0x86, 0xd8, 0xc4, 0x9d, 0xdd, 0xdf, 0xc6, 0x9e, 0xf8, 0xbc, 0xa8, 0x85, 0xf5, 
	0xa2, 0x90, 0x73, 0xd1, 0x00, 0x00, 0x00, 0x52, 0x1b, 0x18, 0x13, 0x87, 0xa2, 0x8f, 0x72, 0xcc, 
	0x00, 0x00, 0x00, 0x52, 0x26, 0x23, 0x1c, 0x77, 0xe6, 0xd1, 0xa6, 0xe8, 0xdd, 0xc3, 0x9c, 0xf8, 
	0xc1, 0xad, 0x89, 0xfa, 0xbe, 0xaa, 0x87, 0xed, 0xc6, 0xae, 0x8b, 0xd0, 0xdc, 0xc2, 0x9b, 0xf2, 
	0xc3, 0xad, 0x8a, 0xfb, 0xb7, 0xa4, 0x82, 0xf7, 0xba, 0xa5, 0x84, 0xe4, 0xc1, 0xab, 0x88, 0xcd, 
	0xde, 0xc5, 0x9d, 0xfe, 0xba, 0xa6, 0x83, 0xfd, 0xaf, 0x9d, 0x7c, 0xfb, 0xb7, 0xa4, 0x83, 0xfc, 
	0xcd, 0xb7, 0x91, 0xff, 0xd3, 0xbb, 0x95, 0xff, 0xc2, 0xad, 0x89, 0xfa, 0x91, 0x81, 0x66, 0xcf, 
	0xa1, 0x8f, 0x72, 0xd4, 0xd2, 0xba, 0x94, 0xf3, 0xb8, 0xa5, 0x83, 0xfb, 0xb6, 0xa3, 0x81, 0xfb, 
	0xcc, 0xb5, 0x90, 0xff, 0xd2, 0xba, 0x94, 0xff, 0xb5, 0xa1, 0x80, 0xf4, 0x1f, 0x1c, 0x16, 0x85, 
	0xdb, 0xc7, 0x9f, 0xec, 0xd5, 0xbd, 0x97, 0xfd, 0xbb, 0xa8, 0x84, 0xfe, 0xb2, 0xa1, 0x7a, 0xff, 
	0xb4, 0x94, 0x5c, 0xff, 0xb1, 0x6c, 0x08, 0xff, 0x71, 0x4e, 0x0e, 0xfc, 0x97, 0x86, 0x69, 0xf3, 
	0xb3, 0x9e, 0x7e, 0xf4, 0x00, 0x00, 0x00, 0x13, 0x00, 0x00, 0x00, 0x06, 0x00, 0x00, 0x00, 0x39, 
	0x00, 0x00, 0x00, 0xaf, 0x8c, 0x8c, 0x3f, 0xd5, 0xff, 0xff, 0x72, 0xff, 0xff, 0xd5, 0x34, 0xff, 
	0xff, 0xb5, 0x1a, 0xff, 0xd8, 0x82, 0x01, 0xfc, 0x1d, 0x11, 0x01, 0xb9, 0x00, 0x00, 0x00, 0xa1, 
	0x00, 0x00, 0x00, 0x19, 0x00, 0x00, 0x00, 0x00, 0x00, 0x00, 0x00, 0x00, 0x00, 0x00, 0x00, 0x00, 
	0x00, 0x00, 0x00, 0x00, 0x00, 0x00, 0x00, 0x00, 0x00, 0x00, 0x00, 0x00, 0x00, 0x00, 0x00, 0x00, 
	0x00, 0x00, 0x00, 0x00, 0x00, 0x00, 0x00, 0x00, 0x00, 0x00, 0x00, 0x00, 0x00, 0x00, 0x00, 0x00, 
	0x00, 0x00, 0x00, 0x00, 0x00, 0x00, 0x00, 0x00, 0x00, 0x00, 0x00, 0x00, 0x00, 0x00, 0x00, 0x00, 
	0x00, 0x00, 0x00, 0x00, 0x00, 0x00, 0x00, 0x00, 0x00, 0x00, 0x00, 0x00, 0x00, 0x00, 0x00, 0x00, 
	0x00, 0x00, 0x00, 0x00, 0x00, 0x00, 0x00, 0x00, 0x00, 0x00, 0x00, 0x16, 0x00, 0x00, 0x00, 0x52, 
	0x00, 0x00, 0x00, 0x60, 0x00, 0x00, 0x00, 0x60, 0x00, 0x00, 0x00, 0x59, 0x00, 0x00, 0x00, 0x47, 
	0x00, 0x00, 0x00, 0x14, 0x00, 0x00, 0x00, 0x29, 0x08, 0x07, 0x05, 0x62, 0x30, 0x2a, 0x22, 0x8e, 
	0x00, 0x00, 0x00, 0x68, 0x00, 0x00, 0x00, 0x59, 0x00, 0x00, 0x00, 0x43, 0x00, 0x00, 0x00, 0x29, 
	0x00, 0x00, 0x00, 0x4a, 0x00, 0x00, 0x00, 0x5d, 0x00, 0x00, 0x00, 0x60, 0x00, 0x00, 0x00, 0x60, 
	0x00, 0x00, 0x00, 0x59, 0x00, 0x00, 0x00, 0x60, 0x00, 0x00, 0x00, 0x60, 0x00, 0x00, 0x00, 0x52, 
	0x00, 0x00, 0x00, 0x14, 0x00, 0x00, 0x00, 0x00, 0x00, 0x00, 0x00, 0x06, 0x00, 0x00, 0x00, 0x2d, 
	0x00, 0x00, 0x00, 0x55, 0x00, 0x00, 0x00, 0x4e, 0x00, 0x00, 0x00, 0x2d, 0x00, 0x00, 0x00, 0x4a, 
	0x00, 0x00, 0x00, 0x5d, 0x00, 0x00, 0x00, 0x64, 0x00, 0x00, 0x00, 0x60, 0x00, 0x00, 0x00, 0x5d, 
	0x00, 0x00, 0x00, 0x55, 0x00, 0x00, 0x00, 0x4a, 0x00, 0x00, 0x00, 0x2d, 0x00, 0x00, 0x00, 0x14, 
	0x00, 0x00, 0x00, 0x01, 0x00, 0x00, 0x00, 0x00, 0x00, 0x00, 0x00, 0x00, 0x00, 0x00, 0x00, 0x09, 
	0x00, 0x00, 0x00, 0x2d, 0x00, 0x00, 0x00, 0x52, 0x04, 0x04, 0x03, 0x6c, 0x22, 0x1e, 0x18, 0x8a, 
	0x00, 0x00, 0x00, 0x68, 0x00, 0x00, 0x00, 0x59, 0x00, 0x00, 0x00, 0x43, 0x00, 0x00, 0x00, 0x23, 
	0x00, 0x00, 0x00, 0x29, 0x00, 0x00, 0x00, 0x4e, 0x00, 0x00, 0x00, 0x60, 0x00, 0x00, 0x00, 0x5d, 
	0x00, 0x00, 0x00, 0x4a, 0x00, 0x00, 0x00, 0x15, 0x00, 0x00, 0x00, 0x29, 0x00, 0x00, 0x00, 0x47, 
	0x00, 0x00, 0x00, 0x15, 0x00, 0x00, 0x00, 0x29, 0x00, 0x00, 0x00, 0x55, 0x00, 0x00, 0x00, 0x60, 
	0x00, 0x00, 0x00, 0x60, 0x00, 0x00, 0x00, 0x59, 0x00, 0x00, 0x00, 0x4e, 0x00, 0x00, 0x00, 0x5d, 
	0x00, 0x00, 0x00, 0x60, 0x00, 0x00, 0x00, 0x60, 0x00, 0x00, 0x00, 0x55, 0x00, 0x00, 0x00, 0x4a, 
	0x00, 0x00, 0x00, 0x60, 0x00, 0x00, 0x00, 0x64, 0x00, 0x00, 0x00, 0x60, 0x00, 0x00, 0x00, 0x60, 
	0x02, 0x02, 0x01, 0x6c, 0x2b, 0x26, 0x1f, 0x8e, 0xa9, 0x97, 0x78, 0xde, 0x00, 0x00, 0x00, 0x76, 
	0x00, 0x00, 0x00, 0x4e, 0x00, 0x00, 0x00, 0x5d, 0x00, 0x00, 0x00, 0x60, 0x00, 0x00, 0x00, 0x60, 
	0x02, 0x02, 0x01, 0x6c, 0x20, 0x1c, 0x16, 0x8a, 0x90, 0x80, 0x66, 0xc8, 0x00, 0x00, 0x00, 0x5f, 
	0x00, 0x00, 0x00, 0xbc, 0x0f, 0x0f, 0x07, 0xd3, 0x9a, 0x9a, 0x43, 0xfd, 0xa6, 0xa6, 0x3a, 0xff, 
	0xb8, 0x7e, 0x13, 0xff, 0xeb, 0xa4, 0x17, 0xff, 0xc4, 0x78, 0x05, 0xff, 0x56, 0x37, 0x04, 0xe3, 
	0x00, 0x00, 0x00, 0xc9, 0x00, 0x00, 0x00, 0x3f, 0x00, 0x00, 0x00, 0x19, 0x00, 0x00, 0x00, 0x8d, 
	0x0f, 0x0f, 0x06, 0xb5, 0xf1, 0xf1, 0x6a, 0xf9, 0xff, 0xff, 0x63, 0xff, 0xff, 0xaf, 0x1b, 0xff, 
	0xff, 0xbf, 0x22, 0xff, 0xf5, 0xa4, 0x13, 0xff, 0x8c, 0x5a, 0x06, 0xdc, 0x00, 0x00, 0x00, 0xb1, 
	0x00, 0x00, 0x00, 0x46, 0x00, 0x00, 0x00, 0x06, 0x00, 0x00, 0x00, 0x00, 0x00, 0x00, 0x00, 0x00, 
	0x00, 0x00, 0x00, 0x00, 0x00, 0x00, 0x00, 0x00, 0x00, 0x00, 0x00, 0x00, 0x00, 0x00, 0x00, 0x00, 
	0x00, 0x00, 0x00, 0x00, 0x00, 0x00, 0x00, 0x00, 0x00, 0x00, 0x00, 0x00, 0x00, 0x00, 0x00, 0x00, 
	0x00, 0x00, 0x00, 0x00, 0x00, 0x00, 0x00, 0x00, 0x00, 0x00, 0x00, 0x00, 0x00, 0x00, 0x00, 0x00, 
	0x00, 0x00, 0x00, 0x00, 0x00, 0x00, 0x00, 0x00, 0x00, 0x00, 0x00, 0x00, 0x00, 0x00, 0x00, 0x00, 
	0x00, 0x00, 0x00, 0x00, 0x00, 0x00, 0x00, 0x00, 0x00, 0x00, 0x00, 0x01, 0x00, 0x00, 0x00, 0x11, 
	0x00, 0x00, 0x00, 0x17, 0x00, 0x00, 0x00, 0x17, 0x00, 0x00, 0x00, 0x14, 0x00, 0x00, 0x00, 0x0d, 
	0x00, 0x00, 0x00, 0x01, 0x00, 0x00, 0x00, 0x02, 0x00, 0x00, 0x00, 0x1a, 0x00, 0x00, 0x00, 0x29, 
	0x00, 0x00, 0x00, 0x1d, 0x00, 0x00, 0x00, 0x14, 0x00, 0x00, 0x00, 0x0c, 0x00, 0x00, 0x00, 0x02, 
	0x00, 0x00, 0x00, 0x0f, 0x00, 0x00, 0x00, 0x15, 0x00, 0x00, 0x00, 0x17, 0x00, 0x00, 0x00, 0x17, 
	0x00, 0x00, 0x00, 0x14, 0x00, 0x00, 0x00, 0x17, 0x00, 0x00, 0x00, 0x17, 0x00, 0x00, 0x00, 0x11, 
	0x00, 0x00, 0x00, 0x01, 0x00, 0x00, 0x00, 0x00, 0x00, 0x00, 0x00, 0x00, 0x00, 0x00, 0x00, 0x04, 
	0x00, 0x00, 0x00, 0x13, 0x00, 0x00, 0x00, 0x10, 0x00, 0x00, 0x00, 0x04, 0x00, 0x00, 0x00, 0x0f, 
	0x00, 0x00, 0x00, 0x15, 0x00, 0x00, 0x00, 0x18, 0x00, 0x00, 0x00, 0x17, 0x00, 0x00, 0x00, 0x15, 
	0x00, 0x00, 0x00, 0x13, 0x00, 0x00, 0x00, 0x0f, 0x00, 0x00, 0x00, 0x04, 0x00, 0x00, 0x00, 0x00, 
	0x00, 0x00, 0x00, 0x00, 0x00, 0x00, 0x00, 0x00, 0x00, 0x00, 0x00, 0x00, 0x00, 0x00, 0x00, 0x00, 
	0x00, 0x00, 0x00, 0x04, 0x00, 0x00, 0x00, 0x11, 0x00, 0x00, 0x00, 0x1e, 0x00, 0x00, 0x00, 0x29, 
	0x00, 0x00, 0x00, 0x1d, 0x00, 0x00, 0x00, 0x14, 0x00, 0x00, 0x00, 0x0c, 0x00, 0x00, 0x00, 0x01, 
	0x00, 0x00, 0x00, 0x02, 0x00, 0x00, 0x00, 0x10, 0x00, 0x00, 0x00, 0x17, 0x00, 0x00, 0x00, 0x15, 
	0x00, 0x00, 0x00, 0x0f, 0x00, 0x00, 0x00, 0x01, 0x00, 0x00, 0x00, 0x02, 0x00, 0x00, 0x00, 0x0d, 
	0x00, 0x00, 0x00, 0x01, 0x00, 0x00, 0x00, 0x02, 0x00, 0x00, 0x00, 0x13, 0x00, 0x00, 0x00, 0x17, 
	0x00, 0x00, 0x00, 0x17, 0x00, 0x00, 0x00, 0x14, 0x00, 0x00, 0x00, 0x10, 0x00, 0x00, 0x00, 0x15, 
	0x00, 0x00, 0x00, 0x17, 0x00, 0x00, 0x00, 0x17, 0x00, 0x00, 0x00, 0x13, 0x00, 0x00, 0x00, 0x0f, 
	0x00, 0x00, 0x00, 0x17, 0x00, 0x00, 0x00, 0x18, 0x00, 0x00, 0x00, 0x17, 0x00, 0x00, 0x00, 0x17, 
	0x00, 0x00, 0x00, 0x1e, 0x00, 0x00, 0x00, 0x2d, 0x00, 0x00, 0x00, 0x4e, 0x00, 0x00, 0x00, 0x23, 
	0x00, 0x00, 0x00, 0x10, 0x00, 0x00, 0x00, 0x15, 0x00, 0x00, 0x00, 0x17, 0x00, 0x00, 0x00, 0x17, 
	0x00, 0x00, 0x00, 0x1e, 0x00, 0x00, 0x00, 0x29, 0x00, 0x00, 0x00, 0x47, 0x00, 0x00, 0x00, 0x55, 
	0x00, 0x00, 0x00, 0xb6, 0x8c, 0x8c, 0x3e, 0xdd, 0xe8, 0xe8, 0x6a, 0xff, 0xeb, 0xa6, 0x19, 0xff, 
	0xf2, 0xb4, 0x1f, 0xff, 0xfe, 0xc2, 0x24, 0xff, 0xfc, 0x98, 0x0c, 0xff, 0xb9, 0x6a, 0x01, 0xfa, 
	0x11, 0x0b, 0x01, 0xbb, 0x00, 0x00, 0x00, 0x95, 0x00, 0x00, 0x00, 0x4c, 0x00, 0x00, 0x00, 0xaf, 
	0x8c, 0x8c, 0x42, 0xd5, 0xff, 0xff, 0x79, 0xff, 0xff, 0xe1, 0x38, 0xff, 0xff, 0xae, 0x1b, 0xff, 
	0xff, 0xae, 0x1b, 0xff, 0xff, 0xb9, 0x1d, 0xff, 0xd7, 0x7f, 0x01, 0xfc, 0x1c, 0x11, 0x01, 0xb9, 
	0x00, 0x00, 0x00, 0xa1, 0x00, 0x00, 0x00, 0x19, 0x00, 0x00, 0x00, 0x00, 0x00, 0x00, 0x00, 0x00, 
	0x00, 0x00, 0x00, 0x00, 0x00, 0x00, 0x00, 0x00, 0x00, 0x00, 0x00, 0x00, 0x00, 0x00, 0x00, 0x00, 
	0x00, 0x00, 0x00, 0x00, 0x00, 0x00, 0x00, 0x00, 0x00, 0x00, 0x00, 0x00, 0x00, 0x00, 0x00, 0x00, 
	0x00, 0x00, 0x00, 0x00, 0x00, 0x00, 0x00, 0x00, 0x00, 0x00, 0x00, 0x00, 0x00, 0x00, 0x00, 0x00, 
	0x00, 0x00, 0x00, 0x00, 0x00, 0x00, 0x00, 0x00, 0x00, 0x00, 0x00, 0x00, 0x00, 0x00, 0x00, 0x00, 
	0x00, 0x00, 0x00, 0x00, 0x00, 0x00, 0x00, 0x00, 0x00, 0x00, 0x00, 0x00, 0x00, 0x00, 0x00, 0x00, 
	0x00, 0x00, 0x00, 0x00, 0x00, 0x00, 0x00, 0x00, 0x00, 0x00, 0x00, 0x00, 0x00, 0x00, 0x00, 0x00, 
	0x00, 0x00, 0x00, 0x00, 0x00, 0x00, 0x00, 0x00, 0x00, 0x00, 0x00, 0x00, 0x00, 0x00, 0x00, 0x00, 
	0x00, 0x00, 0x00, 0x00, 0x00, 0x00, 0x00, 0x00, 0x00, 0x00, 0x00, 0x00, 0x00, 0x00, 0x00, 0x00, 
	0x00, 0x00, 0x00, 0x00, 0x00, 0x00, 0x00, 0x00, 0x00, 0x00, 0x00, 0x00, 0x00, 0x00, 0x00, 0x00, 
	0x00, 0x00, 0x00, 0x00, 0x00, 0x00, 0x00, 0x00, 0x00, 0x00, 0x00, 0x00, 0x00, 0x00, 0x00, 0x00, 
	0x00, 0x00, 0x00, 0x00, 0x00, 0x00, 0x00, 0x00, 0x00, 0x00, 0x00, 0x00, 0x00, 0x00, 0x00, 0x00, 
	0x00, 0x00, 0x00, 0x00, 0x00, 0x00, 0x00, 0x00, 0x00, 0x00, 0x00, 0x00, 0x00, 0x00, 0x00, 0x00, 
	0x00, 0x00, 0x00, 0x00, 0x00, 0x00, 0x00, 0x00, 0x00, 0x00, 0x00, 0x00, 0x00, 0x00, 0x00, 0x00, 
	0x00, 0x00, 0x00, 0x00, 0x00, 0x00, 0x00, 0x00, 0x00, 0x00, 0x00, 0x00, 0x00, 0x00, 0x00, 0x00, 
	0x00, 0x00, 0x00, 0x00, 0x00, 0x00, 0x00, 0x00, 0x00, 0x00, 0x00, 0x00, 0x00, 0x00, 0x00, 0x00, 
	0x00, 0x00, 0x00, 0x00, 0x00, 0x00, 0x00, 0x00, 0x00, 0x00, 0x00, 0x00, 0x00, 0x00, 0x00, 0x00, 
	0x00, 0x00, 0x00, 0x00, 0x00, 0x00, 0x00, 0x00, 0x00, 0x00, 0x00, 0x00, 0x00, 0x00, 0x00, 0x00, 
	0x00, 0x00, 0x00, 0x00, 0x00, 0x00, 0x00, 0x00, 0x00, 0x00, 0x00, 0x00, 0x00, 0x00, 0x00, 0x00, 
	0x00, 0x00, 0x00, 0x00, 0x00, 0x00, 0x00, 0x00, 0x00, 0x00, 0x00, 0x00, 0x00, 0x00, 0x00, 0x00, 
	0x00, 0x00, 0x00, 0x00, 0x00, 0x00, 0x00, 0x00, 0x00, 0x00, 0x00, 0x00, 0x00, 0x00, 0x00, 0x00, 
	0x00, 0x00, 0x00, 0x00, 0x00, 0x00, 0x00, 0x00, 0x00, 0x00, 0x00, 0x00, 0x00, 0x00, 0x00, 0x00, 
	0x00, 0x00, 0x00, 0x00, 0x00, 0x00, 0x00, 0x00, 0x00, 0x00, 0x00, 0x00, 0x00, 0x00, 0x00, 0x00, 
	0x00, 0x00, 0x00, 0x00, 0x00, 0x00, 0x00, 0x00, 0x00, 0x00, 0x00, 0x00, 0x00, 0x00, 0x00, 0x00, 
	0x00, 0x00, 0x00, 0x00, 0x00, 0x00, 0x00, 0x00, 0x00, 0x00, 0x00, 0x00, 0x00, 0x00, 0x00, 0x00, 
	0x00, 0x00, 0x00, 0x00, 0x00, 0x00, 0x00, 0x00, 0x00, 0x00, 0x00, 0x00, 0x00, 0x00, 0x00, 0x00, 
	0x00, 0x00, 0x00, 0x00, 0x00, 0x00, 0x00, 0x00, 0x00, 0x00, 0x00, 0x19, 0x00, 0x00, 0x00, 0x9c, 
	0x1c, 0x1c, 0x0c, 0xb8, 0xf7, 0xf7, 0x6c, 0xfb, 0xff, 0xff, 0x54, 0xff, 0xff, 0xbd, 0x20, 0xff, 
	0xff, 0xb3, 0x1b, 0xff, 0xff, 0xb6, 0x1b, 0xff, 0xff, 0xa8, 0x19, 0xff, 0xe9, 0x96, 0x0b, 0xff, 
	0x83, 0x4e, 0x02, 0xd7, 0x00, 0x00, 0x00, 0xb0, 0x00, 0x00, 0x00, 0xa5, 0x0f, 0x0f, 0x06, 0xb5, 
	0xf1, 0xf1, 0x6d, 0xf9, 0xff, 0xff, 0x6d, 0xff, 0xff, 0xb1, 0x1b, 0xff, 0xff, 0xb3, 0x1b, 0xff, 
	0xff, 0xb6, 0x1b, 0xff, 0xff, 0xac, 0x1b, 0xff, 0xee, 0x8e, 0x06, 0xff, 0x85, 0x4e, 0x01, 0xdc, 
	0x00, 0x00, 0x00, 0xb1, 0x00, 0x00, 0x00, 0x46, 0x00, 0x00, 0x00, 0x00, 0x00, 0x00, 0x00, 0x00, 
	0x00, 0x00, 0x00, 0x00, 0x00, 0x00, 0x00, 0x00, 0x00, 0x00, 0x00, 0x00, 0x00, 0x00, 0x00, 0x00, 
	0x00, 0x00, 0x00, 0x00, 0x00, 0x00, 0x00, 0x00, 0x00, 0x00, 0x00, 0x00, 0x00, 0x00, 0x00, 0x00, 
	0x00, 0x00, 0x00, 0x00, 0x00, 0x00, 0x00, 0x00, 0x00, 0x00, 0x00, 0x00, 0x00, 0x00, 0x00, 0x00, 
	0x00, 0x00, 0x00, 0x00, 0x00, 0x00, 0x00, 0x00, 0x00, 0x00, 0x00, 0x00, 0x00, 0x00, 0x00, 0x00, 
	0x00, 0x00, 0x00, 0x00, 0x00, 0x00, 0x00, 0x00, 0x00, 0x00, 0x00, 0x00, 0x00, 0x00, 0x00, 0x00, 
	0x00, 0x00, 0x00, 0x00, 0x00, 0x00, 0x00, 0x00, 0x00, 0x00, 0x00, 0x00, 0x00, 0x00, 0x00, 0x00, 
	0x00, 0x00, 0x00, 0x00, 0x00, 0x00, 0x00, 0x00, 0x00, 0x00, 0x00, 0x00, 0x00, 0x00, 0x00, 0x00, 
	0x00, 0x00, 0x00, 0x00, 0x00, 0x00, 0x00, 0x00, 0x00, 0x00, 0x00, 0x00, 0x00, 0x00, 0x00, 0x00, 
	0x00, 0x00, 0x00, 0x00, 0x00, 0x00, 0x00, 0x00, 0x00, 0x00, 0x00, 0x00, 0x00, 0x00, 0x00, 0x00, 
	0x00, 0x00, 0x00, 0x00, 0x00, 0x00, 0x00, 0x00, 0x00, 0x00, 0x00, 0x00, 0x00, 0x00, 0x00, 0x00, 
	0x00, 0x00, 0x00, 0x00, 0x00, 0x00, 0x00, 0x00, 0x00, 0x00, 0x00, 0x00, 0x00, 0x00, 0x00, 0x00, 
	0x00, 0x00, 0x00, 0x00, 0x00, 0x00, 0x00, 0x00, 0x00, 0x00, 0x00, 0x00, 0x00, 0x00, 0x00, 0x00, 
	0x00, 0x00, 0x00, 0x00, 0x00, 0x00, 0x00, 0x00, 0x00, 0x00, 0x00, 0x00, 0x00, 0x00, 0x00, 0x00, 
	0x00, 0x00, 0x00, 0x00, 0x00, 0x00, 0x00, 0x00, 0x00, 0x00, 0x00, 0x00, 0x00, 0x00, 0x00, 0x00, 
	0x00, 0x00, 0x00, 0x00, 0x00, 0x00, 0x00, 0x00, 0x00, 0x00, 0x00, 0x00, 0x00, 0x00, 0x00, 0x00, 
	0x00, 0x00, 0x00, 0x00, 0x00, 0x00, 0x00, 0x00, 0x00, 0x00, 0x00, 0x00, 0x00, 0x00, 0x00, 0x00, 
	0x00, 0x00, 0x00, 0x00, 0x00, 0x00, 0x00, 0x00, 0x00, 0x00, 0x00, 0x00, 0x00, 0x00, 0x00, 0x00, 
	0x00, 0x00, 0x00, 0x00, 0x00, 0x00, 0x00, 0x00, 0x00, 0x00, 0x00, 0x00, 0x00, 0x00, 0x00, 0x00, 
	0x00, 0x00, 0x00, 0x00, 0x00, 0x00, 0x00, 0x00, 0x00, 0x00, 0x00, 0x00, 0x00, 0x00, 0x00, 0x00, 
	0x00, 0x00, 0x00, 0x00, 0x00, 0x00, 0x00, 0x00, 0x00, 0x00, 0x00, 0x00, 0x00, 0x00, 0x00, 0x00, 
	0x00, 0x00, 0x00, 0x00, 0x00, 0x00, 0x00, 0x00, 0x00, 0x00, 0x00, 0x00, 0x00, 0x00, 0x00, 0x00, 
	0x00, 0x00, 0x00, 0x00, 0x00, 0x00, 0x00, 0x00, 0x00, 0x00, 0x00, 0x00, 0x00, 0x00, 0x00, 0x00, 
	0x00, 0x00, 0x00, 0x00, 0x00, 0x00, 0x00, 0x00, 0x00, 0x00, 0x00, 0x00, 0x00, 0x00, 0x00, 0x00, 
	0x00, 0x00, 0x00, 0x00, 0x00, 0x00, 0x00, 0x00, 0x00, 0x00, 0x00, 0x00, 0x00, 0x00, 0x00, 0x00, 
	0x00, 0x00, 0x00, 0x00, 0x00, 0x00, 0x00, 0x00, 0x00, 0x00, 0x00, 0x00, 0x00, 0x00, 0x00, 0x00, 
	0x00, 0x00, 0x00, 0x00, 0x00, 0x00, 0x00, 0x00, 0x00, 0x00, 0x00, 0x40, 0x00, 0x00, 0x00, 0xb1, 
	0x9c, 0x9c, 0x45, 0xda, 0xff, 0xff, 0x6d, 0xff, 0xff, 0xb9, 0x1d, 0xff, 0xff, 0xbe, 0x21, 0xff, 
	0xff, 0xbf, 0x22, 0xff, 0xff, 0xbc, 0x1f, 0xff, 0xff, 0xa4, 0x1b, 0xff, 0xff, 0xa0, 0x0d, 0xff, 
	0xc5, 0x71, 0x01, 0xfa, 0x13, 0x0c, 0x01, 0xb6, 0x00, 0x00, 0x00, 0xb2, 0x8c, 0x8c, 0x4b, 0xd5, 
	0xff, 0xff, 0x7e, 0xff, 0xff, 0xde, 0x35, 0xff, 0xff, 0xbd, 0x20, 0xff, 0xff, 0xaa, 0x1b, 0xff, 
	0xff, 0xb1, 0x1b, 0xff, 0xff, 0xb5, 0x1b, 0xff, 0xff, 0xa9, 0x15, 0xff, 0xd8, 0x84, 0x03, 0xfc, 
	0x1d, 0x13, 0x02, 0xb9, 0x00, 0x00, 0x00, 0x9c, 0x00, 0x00, 0x00, 0x00, 0x00, 0x00, 0x00, 0x00, 
	0x00, 0x00, 0x00, 0x00, 0x00, 0x00, 0x00, 0x00, 0x00, 0x00, 0x00, 0x00, 0x00, 0x00, 0x00, 0x00, 
	0x00, 0x00, 0x00, 0x00, 0x00, 0x00, 0x00, 0x00, 0x00, 0x00, 0x00, 0x00, 0x00, 0x00, 0x00, 0x00, 
	0x00, 0x00, 0x00, 0x00, 0x00, 0x00, 0x00, 0x00, 0x00, 0x00, 0x00, 0x00, 0x00, 0x00, 0x00, 0x00, 
	0x00, 0x00, 0x00, 0x00, 0x00, 0x00, 0x00, 0x00, 0x00, 0x00, 0x00, 0x00, 0x00, 0x00, 0x00, 0x00, 
	0x00, 0x00, 0x00, 0x00, 0x00, 0x00, 0x00, 0x00, 0x00, 0x00, 0x00, 0x00, 0x00, 0x00, 0x00, 0x00, 
	0x00, 0x00, 0x00, 0x00, 0x00, 0x00, 0x00, 0x00, 0x00, 0x00, 0x00, 0x00, 0x00, 0x00, 0x00, 0x00, 
	0x00, 0x00, 0x00, 0x00, 0x00, 0x00, 0x00, 0x00, 0x00, 0x00, 0x00, 0x00, 0x00, 0x00, 0x00, 0x00, 
	0x00, 0x00, 0x00, 0x00, 0x00, 0x00, 0x00, 0x00, 0x00, 0x00, 0x00, 0x00, 0x00, 0x00, 0x00, 0x00, 
	0x00, 0x00, 0x00, 0x00, 0x00, 0x00, 0x00, 0x00, 0x00, 0x00, 0x00, 0x00, 0x00, 0x00, 0x00, 0x00, 
	0x00, 0x00, 0x00, 0x00, 0x00, 0x00, 0x00, 0x00, 0x00, 0x00, 0x00, 0x00, 0x00, 0x00, 0x00, 0x00, 
	0x00, 0x00, 0x00, 0x00, 0x00, 0x00, 0x00, 0x00, 0x00, 0x00, 0x00, 0x00, 0x00, 0x00, 0x00, 0x00, 
	0x00, 0x00, 0x00, 0x00, 0x00, 0x00, 0x00, 0x00, 0x00, 0x00, 0x00, 0x00, 0x00, 0x00, 0x00, 0x00, 
	0x00, 0x00, 0x00, 0x00, 0x00, 0x00, 0x00, 0x00, 0x00, 0x00, 0x00, 0x00, 0x00, 0x00, 0x00, 0x00, 
	0x00, 0x00, 0x00, 0x00, 0x00, 0x00, 0x00, 0x00, 0x00, 0x00, 0x00, 0x00, 0x00, 0x00, 0x00, 0x00, 
	0x00, 0x00, 0x00, 0x00, 0x00, 0x00, 0x00, 0x00, 0x00, 0x00, 0x00, 0x00, 0x00, 0x00, 0x00, 0x00, 
	0x00, 0x00, 0x00, 0x00, 0x00, 0x00, 0x00, 0x00, 0x00, 0x00, 0x00, 0x00, 0x00, 0x00, 0x00, 0x00, 
	0x00, 0x00, 0x00, 0x00, 0x00, 0x00, 0x00, 0x00, 0x00, 0x00, 0x00, 0x00, 0x00, 0x00, 0x00, 0x00, 
	0x00, 0x00, 0x00, 0x00, 0x00, 0x00, 0x00, 0x00, 0x00, 0x00, 0x00, 0x00, 0x00, 0x00, 0x00, 0x00, 
	0x00, 0x00, 0x00, 0x00, 0x00, 0x00, 0x00, 0x00, 0x00, 0x00, 0x00, 0x00, 0x00, 0x00, 0x00, 0x00, 
	0x00, 0x00, 0x00, 0x00, 0x00, 0x00, 0x00, 0x00, 0x00, 0x00, 0x00, 0x00, 0x00, 0x00, 0x00, 0x00, 
	0x00, 0x00, 0x00, 0x00, 0x00, 0x00, 0x00, 0x00, 0x00, 0x00, 0x00, 0x00, 0x00, 0x00, 0x00, 0x00, 
	0x00, 0x00, 0x00, 0x00, 0x00, 0x00, 0x00, 0x00, 0x00, 0x00, 0x00, 0x00, 0x00, 0x00, 0x00, 0x00, 
	0x00, 0x00, 0x00, 0x00, 0x00, 0x00, 0x00, 0x00, 0x00, 0x00, 0x00, 0x00, 0x00, 0x00, 0x00, 0x00, 
	0x00, 0x00, 0x00, 0x00, 0x00, 0x00, 0x00, 0x00, 0x00, 0x00, 0x00, 0x00, 0x00, 0x00, 0x00, 0x00, 
	0x00, 0x00, 0x00, 0x00, 0x00, 0x00, 0x00, 0x00, 0x00, 0x00, 0x00, 0x00, 0x00, 0x00, 0x00, 0x00, 
	0x00, 0x00, 0x00, 0x00, 0x00, 0x00, 0x00, 0x00, 0x00, 0x00, 0x00, 0x82, 0x1c, 0x1c, 0x0b, 0xb8, 
	0xf7, 0xf7, 0x58, 0xfb, 0xff, 0xd7, 0x36, 0xff, 0xff, 0x9e, 0x0c, 0xff, 0xff, 0xae, 0x19, 0xff, 
	0xfd, 0x98, 0x0b, 0xff, 0xf8, 0x94, 0x0b, 0xff, 0xff, 0xb1, 0x1b, 0xff, 0xff, 0x9d, 0x0c, 0xff, 
	0xd4, 0x79, 0x03, 0xff, 0x85, 0x56, 0x07, 0xd7, 0x0f, 0x0f, 0x06, 0xb5, 0xf1, 0xf1, 0x58, 0xf9, 
	0xff, 0xd8, 0x37, 0xff, 0xff, 0xa7, 0x13, 0xff, 0xff, 0xaf, 0x1a, 0xff, 0xff, 0xa6, 0x12, 0xff, 
	0xf6, 0x92, 0x0b, 0xff, 0xfe, 0x99, 0x0b, 0xff, 0xff, 0xb0, 0x1a, 0xff, 0xe4, 0x95, 0x0c, 0xff, 
	0x87, 0x50, 0x01, 0xdc, 0x00, 0x00, 0x00, 0xb1, 0x00, 0x00, 0x00, 0x00, 0x00, 0x00, 0x00, 0x00, 
	0x00, 0x00, 0x00, 0x00, 0x00, 0x00, 0x00, 0x00, 0x00, 0x00, 0x00, 0x00, 0x00, 0x00, 0x00, 0x00, 
	0x00, 0x00, 0x00, 0x00, 0x00, 0x00, 0x00, 0x00, 0x00, 0x00, 0x00, 0x00, 0x00, 0x00, 0x00, 0x00, 
	0x00, 0x00, 0x00, 0x00, 0x00, 0x00, 0x00, 0x00, 0x00, 0x00, 0x00, 0x00, 0x00, 0x00, 0x00, 0x00, 
	0x00, 0x00, 0x00, 0x00, 0x00, 0x00, 0x00, 0x00, 0x00, 0x00, 0x00, 0x00, 0x00, 0x00, 0x00, 0x00, 
	0x00, 0x00, 0x00, 0x00, 0x00, 0x00, 0x00, 0x00, 0x00, 0x00, 0x00, 0x00, 0x00, 0x00, 0x00, 0x00, 
	0x00, 0x00, 0x00, 0x00, 0x00, 0x00, 0x00, 0x00, 0x00, 0x00, 0x00, 0x00, 0x00, 0x00, 0x00, 0x00, 
	0x00, 0x00, 0x00, 0x00, 0x00, 0x00, 0x00, 0x00, 0x00, 0x00, 0x00, 0x00, 0x00, 0x00, 0x00, 0x00, 
	0x00, 0x00, 0x00, 0x00, 0x00, 0x00, 0x00, 0x00, 0x00, 0x00, 0x00, 0x00, 0x00, 0x00, 0x00, 0x00, 
	0x00, 0x00, 0x00, 0x00, 0x00, 0x00, 0x00, 0x00, 0x00, 0x00, 0x00, 0x00, 0x00, 0x00, 0x00, 0x00, 
	0x00, 0x00, 0x00, 0x00, 0x00, 0x00, 0x00, 0x00, 0x00, 0x00, 0x00, 0x00, 0x00, 0x00, 0x00, 0x00, 
	0x00, 0x00, 0x00, 0x00, 0x00, 0x00, 0x00, 0x00, 0x00, 0x00, 0x00, 0x00, 0x00, 0x00, 0x00, 0x00, 
	0x00, 0x00, 0x00, 0x00, 0x00, 0x00, 0x00, 0x00, 0x00, 0x00, 0x00, 0x00, 0x00, 0x00, 0x00, 0x00, 
	0x00, 0x00, 0x00, 0x00, 0x00, 0x00, 0x00, 0x00, 0x00, 0x00, 0x00, 0x00, 0x00, 0x00, 0x00, 0x00, 
	0x00, 0x00, 0x00, 0x00, 0x00, 0x00, 0x00, 0x00, 0x00, 0x00, 0x00, 0x00, 0x00, 0x00, 0x00, 0x00, 
	0x00, 0x00, 0x00, 0x00, 0x00, 0x00, 0x00, 0x00, 0x00, 0x00, 0x00, 0x00, 0x00, 0x00, 0x00, 0x00, 
	0x00, 0x00, 0x00, 0x00, 0x00, 0x00, 0x00, 0x00, 0x00, 0x00, 0x00, 0x00, 0x00, 0x00, 0x00, 0x00, 
	0x00, 0x00, 0x00, 0x00, 0x00, 0x00, 0x00, 0x00, 0x00, 0x00, 0x00, 0x00, 0x00, 0x00, 0x00, 0x00, 
	0x00, 0x00, 0x00, 0x00, 0x00, 0x00, 0x00, 0x00, 0x00, 0x00, 0x00, 0x00, 0x00, 0x00, 0x00, 0x00, 
	0x00, 0x00, 0x00, 0x00, 0x00, 0x00, 0x00, 0x00, 0x00, 0x00, 0x00, 0x00, 0x00, 0x00, 0x00, 0x00, 
	0x00, 0x00, 0x00, 0x00, 0x00, 0x00, 0x00, 0x00, 0x00, 0x00, 0x00, 0x00, 0x00, 0x00, 0x00, 0x00, 
	0x00, 0x00, 0x00, 0x00, 0x00, 0x00, 0x00, 0x00, 0x00, 0x00, 0x00, 0x00, 0x00, 0x00, 0x00, 0x00, 
	0x00, 0x00, 0x00, 0x00, 0x00, 0x00, 0x00, 0x00, 0x00, 0x00, 0x00, 0x00, 0x00, 0x00, 0x00, 0x00, 
	0x00, 0x00, 0x00, 0x00, 0x00, 0x00, 0x00, 0x00, 0x00, 0x00, 0x00, 0x00, 0x00, 0x00, 0x00, 0x00, 
	0x00, 0x00, 0x00, 0x00, 0x00, 0x00, 0x00, 0x00, 0x00, 0x00, 0x00, 0x00, 0x00, 0x00, 0x00, 0x00, 
	0x00, 0x00, 0x00, 0x00, 0x00, 0x00, 0x00, 0x00, 0x00, 0x00, 0x00, 0x00, 0x00, 0x00, 0x00, 0x00, 
	0x00, 0x00, 0x00, 0x00, 0x00, 0x00, 0x00, 0x00, 0x00, 0x00, 0x00, 0xaa, 0x9c, 0x70, 0x11, 0xda, 
	0xff, 0x9e, 0x0b, 0xff, 0xd2, 0x85, 0x06, 0xff, 0xd2, 0x88, 0x09, 0xff, 0xd2, 0x80, 0x02, 0xff, 
	0xcd, 0x79, 0x00, 0xff, 0xd2, 0x7f, 0x01, 0xff, 0xcf, 0x7b, 0x00, 0xff, 0xd2, 0x89, 0x09, 0xff, 
	0xd3, 0x82, 0x03, 0xff, 0xc7, 0x75, 0x01, 0xfa, 0x9a, 0x6d, 0x10, 0xda, 0xf9, 0x95, 0x08, 0xff, 
	0xcf, 0x7a, 0x00, 0xff, 0xc0, 0x6d, 0x00, 0xff, 0xd2, 0x87, 0x08, 0xff, 0xd2, 0x81, 0x03, 0xff, 
	0xd2, 0x86, 0x07, 0xff, 0xd1, 0x7d, 0x00, 0xff, 0xcb, 0x77, 0x00, 0xff, 0xcf, 0x7a, 0x00, 0xff, 
	0xd0, 0x7b, 0x01, 0xfc, 0x1e, 0x13, 0x02, 0xb9, 0x00, 0x00, 0x00, 0x00, 0x00, 0x00, 0x00, 0x00, 
	0x00, 0x00, 0x00, 0x00, 0x00, 0x00, 0x00, 0x00, 0x00, 0x00, 0x00, 0x00, 0x00, 0x00, 0x00, 0x00, 
	0x00, 0x00, 0x00, 0x00, 0x00, 0x00, 0x00, 0x00, 0x00, 0x00, 0x00, 0x00, 0x00, 0x00, 0x00, 0x00, 
	0x00, 0x00, 0x00, 0x00, 0x00, 0x00, 0x00, 0x00, 0x00, 0x00, 0x00, 0x00, 0x00, 0x00, 0x00, 0x00, 
	0x00, 0x00, 0x00, 0x00, 0x00, 0x00, 0x00, 0x00, 0x00, 0x00, 0x00, 0x00, 0x00, 0x00, 0x00, 0x00, 
	0x00, 0x00, 0x00, 0x00, 0x00, 0x00, 0x00, 0x00, 0x00, 0x00, 0x00, 0x00, 0x00, 0x00, 0x00, 0x00, 
	0x00, 0x00, 0x00, 0x00, 0x00, 0x00, 0x00, 0x00, 0x00, 0x00, 0x00, 0x00, 0x00, 0x00, 0x00, 0x00, 
	0x00, 0x00, 0x00, 0x00, 0x00, 0x00, 0x00, 0x00, 0x00, 0x00, 0x00, 0x00, 0x00, 0x00, 0x00, 0x00, 
	0x00, 0x00, 0x00, 0x00, 0x00, 0x00, 0x00, 0x00, 0x00, 0x00, 0x00, 0x00, 0x00, 0x00, 0x00, 0x00, 
	0x00, 0x00, 0x00, 0x00, 0x00, 0x00, 0x00, 0x00, 0x00, 0x00, 0x00, 0x00, 0x00, 0x00, 0x00, 0x00, 
	0x00, 0x00, 0x00, 0x00, 0x00, 0x00, 0x00, 0x00, 0x00, 0x00, 0x00, 0x00, 0x00, 0x00, 0x00, 0x00, 
	0x00, 0x00, 0x00, 0x00, 0x00, 0x00, 0x00, 0x00, 0x00, 0x00, 0x00, 0x00, 0x00, 0x00, 0x00, 0x00, 
	0x00, 0x00, 0x00, 0x00, 0x00, 0x00, 0x00, 0x00, 0x00, 0x00, 0x00, 0x00, 0x00, 0x00, 0x00, 0x00, 
	0x00, 0x00, 0x00, 0x00, 0x00, 0x00, 0x00, 0x00, 0x00, 0x00, 0x00, 0x00, 0x00, 0x00, 0x00, 0x00, 
	0x00, 0x00, 0x00, 0x00, 0x00, 0x00, 0x00, 0x00, 0x00, 0x00, 0x00, 0x00, 0x00, 0x00, 0x00, 0x00, 
	0x00, 0x00, 0x00, 0x00, 0x00, 0x00, 0x00, 0x00, 0x00, 0x00, 0x00, 0x00, 0x00, 0x00, 0x00, 0x00, 
	0x00, 0x00, 0x00, 0x00, 0x00, 0x00, 0x00, 0x00, 0x00, 0x00, 0x00, 0x00, 0x00, 0x00, 0x00, 0x00, 
	0x00, 0x00, 0x00, 0x00, 0x00, 0x00, 0x00, 0x00, 0x00, 0x00, 0x00, 0x00, 0x00, 0x00, 0x00, 0x00, 
	0x00, 0x00, 0x00, 0x00, 0x00, 0x00, 0x00, 0x00, 0x00, 0x00, 0x00, 0x00, 0x00, 0x00, 0x00, 0x00, 
	0x00, 0x00, 0x00, 0x00, 0x00, 0x00, 0x00, 0x00, 0x00, 0x00, 0x00, 0x00, 0x00, 0x00, 0x00, 0x00, 
	0x00, 0x00, 0x00, 0x00, 0x00, 0x00, 0x00, 0x00, 0x00, 0x00, 0x00, 0x00, 0x00, 0x00, 0x00, 0x00, 
	0x00, 0x00, 0x00, 0x00, 0x00, 0x00, 0x00, 0x00, 0x00, 0x00, 0x00, 0x00, 0x00, 0x00, 0x00, 0x00, 
	0x00, 0x00, 0x00, 0x00, 0x00, 0x00, 0x00, 0x00, 0x00, 0x00, 0x00, 0x00, 0x00, 0x00, 0x00, 0x00, 
	0x00, 0x00, 0x00, 0x00, 0x00, 0x00, 0x00, 0x00, 0x00, 0x00, 0x00, 0x00, 0x00, 0x00, 0x00, 0x00, 
	0x00, 0x00, 0x00, 0x00, 0x00, 0x00, 0x00, 0x00, 0x00, 0x00, 0x00, 0x00, 0x00, 0x00, 0x00, 0x00, 
	0x00, 0x00, 0x00, 0x00, 0x00, 0x00, 0x00, 0x00, 0x00, 0x00, 0x00, 0x00, 0x00, 0x00, 0x00, 0x00, 
	0x00, 0x00, 0x00, 0x00, 0x00, 0x00, 0x00, 0x00, 0x00, 0x00, 0x00, 0x67, 0x14, 0x0e, 0x02, 0xb6, 
	0x18, 0x0f, 0x01, 0xb7, 0x15, 0x0d, 0x01, 0xb7, 0x15, 0x0d, 0x01, 0xb7, 0x15, 0x0e, 0x01, 0xb7, 
	0x14, 0x0c, 0x00, 0xb7, 0x15, 0x0d, 0x00, 0xb7, 0x14, 0x0c, 0x00, 0xb7, 0x15, 0x0d, 0x00, 0xb7, 
	0x15, 0x0c, 0x00, 0xb7, 0x14, 0x0b, 0x00, 0xb7, 0x16, 0x0d, 0x01, 0xb7, 0x17, 0x0f, 0x01, 0xb7, 
	0x14, 0x0c, 0x00, 0xb7, 0x13, 0x0b, 0x00, 0xb7, 0x15, 0x0c, 0x00, 0xb7, 0x15, 0x0d, 0x00, 0xb7, 
	0x15, 0x0c, 0x00, 0xb7, 0x15, 0x0d, 0x00, 0xb7, 0x15, 0x0e, 0x01, 0xb7, 0x15, 0x0e, 0x01, 0xb7, 
	0x15, 0x0c, 0x00, 0xb7, 0x09, 0x05, 0x00, 0xac, 0x00, 0x00, 0x00, 0x00, 0x00, 0x00, 0x00, 0x00, 
	0x00, 0x00, 0x00, 0x00, 0x00, 0x00, 0x00, 0x00, 0x00, 0x00, 0x00, 0x00, 0x00, 0x00, 0x00, 0x00, 
	0x00, 0x00, 0x00, 0x00, 0x00, 0x00, 0x00, 0x00, 0x00, 0x00, 0x00, 0x00, 0x00, 0x00, 0x00, 0x00, 
	0x00, 0x00, 0x00, 0x00, 0x00, 0x00, 0x00, 0x00, 0x00, 0x00, 0x00, 0x00, 0x00, 0x00, 0x00, 0x00, 
	0x00, 0x00, 0x00, 0x00, 0x00, 0x00, 0x00, 0x00, 0x00, 0x00, 0x00, 0x00, 0x00, 0x00, 0x00, 0x00, 
	0x00, 0x00, 0x00, 0x00, 0x00, 0x00, 0x00, 0x00, 0x00, 0x00, 0x00, 0x00, 0x00, 0x00, 0x00, 0x00, 
	0x00, 0x00, 0x00, 0x00, 0x00, 0x00, 0x00, 0x00, 0x00, 0x00, 0x00, 0x00, 0x00, 0x00, 0x00, 0x00, 
	0x00, 0x00, 0x00, 0x00, 0x00, 0x00, 0x00, 0x00, 0x00, 0x00, 0x00, 0x00, 0x00, 0x00, 0x00, 0x00, 
	0x00, 0x00, 0x00, 0x00, 0x00, 0x00, 0x00, 0x00, 0x00, 0x00, 0x00, 0x00, 0x00, 0x00, 0x00, 0x00, 
	0x00, 0x00, 0x00, 0x00, 0x00, 0x00, 0x00, 0x00, 0x00, 0x00, 0x00, 0x00, 0x00, 0x00, 0x00, 0x00, 
	0x00, 0x00, 0x00, 0x00, 0x00, 0x00, 0x00, 0x00, 0x00, 0x00, 0x00, 0x00, 0x00, 0x00, 0x00, 0x00, 
	0x00, 0x00, 0x00, 0x00, 0x00, 0x00, 0x00, 0x00, 0x00, 0x00, 0x00, 0x00, 0x00, 0x00, 0x00, 0x00, 
	0x00, 0x00, 0x00, 0x00, 0x00, 0x00, 0x00, 0x00, 0x00, 0x00, 0x00, 0x00, 0x00, 0x00, 0x00, 0x00, 
	0x00, 0x00, 0x00, 0x00, 0x00, 0x00, 0x00, 0x00, 0x00, 0x00, 0x00, 0x00, 0x00, 0x00, 0x00, 0x00, 
	0x00, 0x00, 0x00, 0x00, 0x00, 0x00, 0x00, 0x00, 0x00, 0x00, 0x00, 0x00, 0x00, 0x00, 0x00, 0x00, 
	0x00, 0x00, 0x00, 0x00, 0x00, 0x00, 0x00, 0x00, 0x00, 0x00, 0x00, 0x00, 0x00, 0x00, 0x00, 0x00, 
	0x00, 0x00, 0x00, 0x00, 0x00, 0x00, 0x00, 0x00, 0x00, 0x00, 0x00, 0x00, 0x00, 0x00, 0x00, 0x00, 
	0x00, 0x00, 0x00, 0x00, 0x00, 0x00, 0x00, 0x00, 0x00, 0x00, 0x00, 0x00, 0x00, 0x00, 0x00, 0x00, 
	0x00, 0x00, 0x00, 0x00, 0x00, 0x00, 0x00, 0x00, 0x00, 0x00, 0x00, 0x00, 0x00, 0x00, 0x00, 0x00, 
	0x00, 0x00, 0x00, 0x00, 0x00, 0x00, 0x00, 0x00, 0x00, 0x00, 0x00, 0x00, 0x00, 0x00, 0x00, 0x00, 
	0x00, 0x00, 0x00, 0x00, 0x00, 0x00, 0x00, 0x00, 0x00, 0x00, 0x00, 0x00, 0x00, 0x00, 0x00, 0x00, 
	0x00, 0x00, 0x00, 0x00, 0x00, 0x00, 0x00, 0x00, 0x00, 0x00, 0x00, 0x00, 0x00, 0x00, 0x00, 0x00, 
	0x00, 0x00, 0x00, 0x00, 0x00, 0x00, 0x00, 0x00, 0x00, 0x00, 0x00, 0x00, 0x00, 0x00, 0x00, 0x00, 
	0x00, 0x00, 0x00, 0x00, 0x00, 0x00, 0x00, 0x00, 0x00, 0x00, 0x00, 0x00, 0x00, 0x00, 0x00, 0x00, 
	0x00, 0x00, 0x00, 0x00, 0x00, 0x00, 0x00, 0x00, 0x00, 0x00, 0x00, 0x00, 0x00, 0x00, 0x00, 0x00, 
	0x00, 0x00, 0x00, 0x00, 0x00, 0x00, 0x00, 0x00, 0x00, 0x00, 0x00, 0x00, 0x00, 0x00, 0x00, 0x00, 
	0x00, 0x00, 0x00, 0x00, 0x00, 0x00, 0x00, 0x00, 0x00, 0x00, 0x00, 0x00, 0x00, 0x00, 0x00, 0x00, 
	0x00, 0x00, 0x00, 0x00, 0x00, 0x00, 0x00, 0x00, 0x00, 0x00, 0x00, 0x00, 0x00, 0x00, 0x00, 0x00, 
	0x00, 0x00, 0x00, 0x00, 0x00, 0x00, 0x00, 0x00, 0x00, 0x00, 0x00, 0x00, 0x00, 0x00, 0x00, 0x00, 
	0x00, 0x00, 0x00, 0x00, 0x00, 0x00, 0x00, 0x00, 0x00, 0x00, 0x00, 0x00, 0x00, 0x00, 0x00, 0x00, 
	0x00, 0x00, 0x00, 0x00, 0x00, 0x00, 0x00, 0x00, 0x00, 0x00, 0x00, 0x00, 0x00, 0x00, 0x00, 0x00, 
	0x00, 0x00, 0x00, 0x00, 0x00, 0x00, 0x00, 0x00, 0x00, 0x00, 0x00, 0x00, 0x00, 0x00, 0x00, 0x00, 
	0x00, 0x00, 0x00, 0x00, 0x00, 0x00, 0x00, 0x00, 0x00, 0x00, 0x00, 0x00, 0x00, 0x00, 0x00, 0x00, 
	0x00, 0x00, 0x00, 0x00, 0x00, 0x00, 0x00, 0x00, 0x00, 0x00, 0x00, 0x00, 0x00, 0x00, 0x00, 0x00, 
	0x00, 0x00, 0x00, 0x00, 0x00, 0x00, 0x00, 0x00, 0x00, 0x00, 0x00, 0x00, 0x00, 0x00, 0x00, 0x00, 
	0x00, 0x00, 0x00, 0x00, 0x00, 0x00, 0x00, 0x00, 0x00, 0x00, 0x00, 0x00, 0x00, 0x00, 0x00, 0x00, 
	0x00, 0x00, 0x00, 0x00, 0x00, 0x00, 0x00, 0x00, 0x00, 0x00, 0x00, 0x00, 0x00, 0x00, 0x00, 0x00, 
	0x00, 0x00, 0x00, 0x00, 0x00, 0x00, 0x00, 0x00, 0x00, 0x00, 0x00, 0x00, 0x00, 0x00, 0x00, 0x00, 
	0x00, 0x00, 0x00, 0x00, 0x00, 0x00, 0x00, 0x00, 0x00, 0x00, 0x00, 0x00, 0x00, 0x00, 0x00, 0x00, 
	0x00, 0x00, 0x00, 0x00, 0x00, 0x00, 0x00, 0x00, 0x00, 0x00, 0x00, 0x00, 0x00, 0x00, 0x00, 0x00, 
	0x00, 0x00, 0x00, 0x00, 0x00, 0x00, 0x00, 0x00, 0x00, 0x00, 0x00, 0x00, 0x00, 0x00, 0x00, 0x00, 
	0x00, 0x00, 0x00, 0x00, 0x00, 0x00, 0x00, 0x00, 0x00, 0x00, 0x00, 0x00, 0x00, 0x00, 0x00, 0x00, 
	0x00, 0x00, 0x00, 0x00, 0x00, 0x00, 0x00, 0x00, 0x00, 0x00, 0x00, 0x00, 0x00, 0x00, 0x00, 0x00, 
	0x00, 0x00, 0x00, 0x00, 0x00, 0x00, 0x00, 0x00, 0x00, 0x00, 0x00, 0x00, 0x00, 0x00, 0x00, 0x00, 
	0x00, 0x00, 0x00, 0x00, 0x00, 0x00, 0x00, 0x00, 0x00, 0x00, 0x00, 0x00, 0x00, 0x00, 0x00, 0x00, 
	0x00, 0x00, 0x00, 0x00, 0x00, 0x00, 0x00, 0x00, 0x00, 0x00, 0x00, 0x00, 0x00, 0x00, 0x00, 0x00, 
	0x00, 0x00, 0x00, 0x00, 0x00, 0x00, 0x00, 0x00, 0x00, 0x00, 0x00, 0x00, 0x00, 0x00, 0x00, 0x00, 
	0x00, 0x00, 0x00, 0x00, 0x00, 0x00, 0x00, 0x00, 0x00, 0x00, 0x00, 0x00, 0x00, 0x00, 0x00, 0x00, 
	0x00, 0x00, 0x00, 0x00, 0x00, 0x00, 0x00, 0x00, 0x00, 0x00, 0x00, 0x00, 0x00, 0x00, 0x00, 0x00, 
	0x00, 0x00, 0x00, 0x00, 0x00, 0x00, 0x00, 0x00, 0x00, 0x00, 0x00, 0x00, 0x00, 0x00, 0x00, 0x00, 
	0x00, 0x00, 0x00, 0x00, 0x00, 0x00, 0x00, 0x00, 0x00, 0x00, 0x00, 0x00, 0x00, 0x00, 0x00, 0x00, 
	0x00, 0x00, 0x00, 0x00, 0x00, 0x00, 0x00, 0x00, 0x00, 0x00, 0x00, 0x00, 0x00, 0x00, 0x00, 0x00, 
	0x00, 0x00, 0x00, 0x00, 0x00, 0x00, 0x00, 0x00, 0x00, 0x00, 0x00, 0x00, 0x00, 0x00, 0x00, 0x00, 
	0x00, 0x00, 0x00, 0x00, 0x00, 0x00, 0x00, 0x00, 0x00, 0x00, 0x00, 0x00, 0x00, 0x00, 0x00, 0x00, 
	0x00, 0x00, 0x00, 0x00, 0x00, 0x00, 0x00, 0x00, 0x00, 0x00, 0x00, 0x00, 0x00, 0x00, 0x00, 0x00, 
	0x00, 0x00, 0x00, 0x00, 0x00, 0x00, 0x00, 0x00, 0x00, 0x00, 0x00, 0x00, 0x00, 0x00, 0x00, 0x00, 
	0x00, 0x00, 0x00, 0x00, 0x00, 0x00, 0x00, 0x00, 0x00, 0x00, 0x00, 0x00, 0x00, 0x00, 0x00, 0x00, 
	0x00, 0x00, 0x00, 0x00, 0x00, 0x00, 0x00, 0x00, 0x00, 0x00, 0x00, 0x00, 0x00, 0x00, 0x00, 0x00, 
	0x00, 0x00, 0x00, 0x00, 0x00, 0x00, 0x00, 0x00, 0x00, 0x00, 0x00, 0x00, 0x00, 0x00, 0x00, 0x00, 
	0x00, 0x00, 0x00, 0x00, 0x00, 0x00, 0x00, 0x00, 0x00, 0x00, 0x00, 0x00, 0x00, 0x00, 0x00, 0x00, 
	0x00, 0x00, 0x00, 0x00, 0x00, 0x00, 0x00, 0x00, 0x00, 0x00, 0x00, 0x00, 0x00, 0x00, 0x00, 0x00, 
	0x00, 0x00, 0x00, 0x00, 0x00, 0x00, 0x00, 0x00, 0x00, 0x00, 0x00, 0x00, 0x00, 0x00, 0x00, 0x00, 
	0x00, 0x00, 0x00, 0x00, 0x00, 0x00, 0x00, 0x00, 0x00, 0x00, 0x00, 0x00, 0x00, 0x00, 0x00, 0x00, 
	0x00, 0x00, 0x00, 0x00, 0x00, 0x00, 0x00, 0x00, 0x00, 0x00, 0x00, 0x00, 0x00, 0x00, 0x00, 0x00, 
	0x00, 0x00, 0x00, 0x00, 0x00, 0x00, 0x00, 0x00, 0x00, 0x00, 0x00, 0x00, 0x00, 0x00, 0x00, 0x00, 
	0x00, 0x00, 0x00, 0x00, 0x00, 0x00, 0x00, 0x00, 0x00, 0x00, 0x00, 0x00, 0x00, 0x00, 0x00, 0x00, 
	0x00, 0x00, 0x00, 0x00, 0x00, 0x00, 0x00, 0x00, 0x00, 0x00, 0x00, 0x00, 0x00, 0x00, 0x00, 0x00, 
	0x00, 0x00, 0x00, 0x00, 0x00, 0x00, 0x00, 0x00, 0x00, 0x00, 0x00, 0x00, 0x00, 0x00, 0x00, 0x00, 
	0x00, 0x00, 0x00, 0x00, 0x00, 0x00, 0x00, 0x00, 0x00, 0x00, 0x00, 0x00, 0x00, 0x00, 0x00, 0x00, 
	0x00, 0x00, 0x00, 0x00, 0x00, 0x00, 0x00, 0x00, 0x00, 0x00, 0x00, 0x00, 0x00, 0x00, 0x00, 0x00, 
	0x00, 0x00, 0x00, 0x00, 0x00, 0x00, 0x00, 0x00, 0x00, 0x00, 0x00, 0x00, 0x00, 0x00, 0x00, 0x00, 
	0x00, 0x00, 0x00, 0x00, 0x00, 0x00, 0x00, 0x00, 0x00, 0x00, 0x00, 0x00, 0x00, 0x00, 0x00, 0x00, 
	0x00, 0x00, 0x00, 0x00, 0x00, 0x00, 0x00, 0x00, 0x00, 0x00, 0x00, 0x00, 0x00, 0x00, 0x00, 0x00, 
	0x00, 0x00, 0x00, 0x00, 0x00, 0x00, 0x00, 0x00, 0x00, 0x00, 0x00, 0x00, 0x00, 0x00, 0x00, 0x00, 
	0x00, 0x00, 0x00, 0x00, 0x00, 0x00, 0x00, 0x00, 0x00, 0x00, 0x00, 0x00, 0x00, 0x00, 0x00, 0x00, 
	0x00, 0x00, 0x00, 0x00, 0x00, 0x00, 0x00, 0x00, 0x00, 0x00, 0x00, 0x00, 0x00, 0x00, 0x00, 0x00, 
	0x00, 0x00, 0x00, 0x00, 0x00, 0x00, 0x00, 0x00, 0x00, 0x00, 0x00, 0x00, 0x00, 0x00, 0x00, 0x00, 
	0x00, 0x00, 0x00, 0x00, 0x00, 0x00, 0x00, 0x00, 0x00, 0x00, 0x00, 0x00, 0x00, 0x00, 0x00, 0x00, 
	0x00, 0x00, 0x00, 0x00, 0x00, 0x00, 0x00, 0x00, 0x00, 0x00, 0x00, 0x00, 0x00, 0x00, 0x00, 0x00, 
	0x00, 0x00, 0x00, 0x00, 0x00, 0x00, 0x00, 0x00, 0x00, 0x00, 0x00, 0x00, 0x00, 0x00, 0x00, 0x00, 
	0x00, 0x00, 0x00, 0x00, 0x00, 0x00, 0x00, 0x00, 0x00, 0x00, 0x00, 0x00, 0x00, 0x00, 0x00, 0x00, 
	0x00, 0x00, 0x00, 0x00, 0x00, 0x00, 0x00, 0x00, 0x00, 0x00, 0x00, 0x00, 0x00, 0x00, 0x00, 0x00, 
	0x00, 0x00, 0x00, 0x00, 0x00, 0x00, 0x00, 0x00, 0x00, 0x00, 0x00, 0x00, 0x00, 0x00, 0x00, 0x00, 
	0x00, 0x00, 0x00, 0x00, 0x00, 0x00, 0x00, 0x00, 0x00, 0x00, 0x00, 0x00, 0x00, 0x00, 0x00, 0x00, 
	0x00, 0x00, 0x00, 0x00, 0x00, 0x00, 0x00, 0x00, 0x00, 0x00, 0x00, 0x00, 0x00, 0x00, 0x00, 0x00, 
	0x00, 0x00, 0x00, 0x00, 0x00, 0x00, 0x00, 0x00, 0x00, 0x00, 0x00, 0x00, 0x00, 0x00, 0x00, 0x00, 
	0x00, 0x00, 0x00, 0x00, 0x00, 0x00, 0x00, 0x00, 0x00, 0x00, 0x00, 0x00, 0x00, 0x00, 0x00, 0x00, 
	0x00, 0x00, 0x00, 0x00, 0x00, 0x00, 0x00, 0x00, 0x00, 0x00, 0x00, 0x00, 0x00, 0x00, 0x00, 0x00, 
	0x00, 0x00, 0x00, 0x00, 0x00, 0x00, 0x00, 0x00, 0x00, 0x00, 0x00, 0x00, 0x00, 0x00, 0x00, 0x00, 
	0x00, 0x00, 0x00, 0x00, 0x00, 0x00, 0x00, 0x00, 0x00, 0x00, 0x00, 0x00, 0x00, 0x00, 0x00, 0x00, 
	0x00, 0x00, 0x00, 0x00, 0x00, 0x00, 0x00, 0x00, 0x00, 0x00, 0x00, 0x00, 0x00, 0x00, 0x00, 0x00, 
	0x00, 0x00, 0x00, 0x00, 0x00, 0x00, 0x00, 0x00, 0x00, 0x00, 0x00, 0x00, 0x00, 0x00, 0x00, 0x00, 
	0x00, 0x00, 0x00, 0x00, 0x00, 0x00, 0x00, 0x00, 0x00, 0x00, 0x00, 0x00, 0x00, 0x00, 0x00, 0x00, 
	0x00, 0x00, 0x00, 0x00, 0x00, 0x00, 0x00, 0x00, 0x00, 0x00, 0x00, 0x00, 0x00, 0x00, 0x00, 0x00, 
	0x00, 0x00, 0x00, 0x00, 0x00, 0x00, 0x00, 0x00, 0x00, 0x00, 0x00, 0x00, 0x00, 0x00, 0x00, 0x00, 
	0x00, 0x00, 0x00, 0x00, 0x00, 0x00, 0x00, 0x00, 0x00, 0x00, 0x00, 0x00, 0x00, 0x00, 0x00, 0x00, 
	0x00, 0x00, 0x00, 0x00, 0x00, 0x00, 0x00, 0x00, 0x00, 0x00, 0x00, 0x00, 0x00, 0x00, 0x00, 0x00, 
	0x00, 0x00, 0x00, 0x00, 0x00, 0x00, 0x00, 0x00, 0x00, 0x00, 0x00, 0x00, 0x00, 0x00, 0x00, 0x00, 
	0x00, 0x00, 0x00, 0x00, 0x00, 0x00, 0x00, 0x00, 0x00, 0x00, 0x00, 0x00, 0x00, 0x00, 0x00, 0x00, 
	0x00, 0x00, 0x00, 0x00, 0x00, 0x00, 0x00, 0x00, 0x00, 0x00, 0x00, 0x00, 0x00, 0x00, 0x00, 0x00, 
	0x00, 0x00, 0x00, 0x00, 0x00, 0x00, 0x00, 0x00, 0x00, 0x00, 0x00, 0x00, 0x00, 0x00, 0x00, 0x00, 
	0x00, 0x00, 0x00, 0x00, 0x00, 0x00, 0x00, 0x00, 0x00, 0x00, 0x00, 0x00, 0x00, 0x00, 0x00, 0x00, 
	0x00, 0x00, 0x00, 0x00, 0x00, 0x00, 0x00, 0x00, 0x00, 0x00, 0x00, 0x00, 0x00, 0x00, 0x00, 0x00, 
	0x00, 0x00, 0x00, 0x00, 0x00, 0x00, 0x00, 0x00, 0x00, 0x00, 0x00, 0x00, 0x00, 0x00, 0x00, 0x00, 
	0x00, 0x00, 0x00, 0x00, 0x00, 0x00, 0x00, 0x00, 0x00, 0x00, 0x00, 0x00, 0x00, 0x00, 0x00, 0x00, 
	0x00, 0x00, 0x00, 0x00, 0x00, 0x00, 0x00, 0x00, 0x00, 0x00, 0x00, 0x00, 0x00, 0x00, 0x00, 0x00, 
	0x00, 0x00, 0x00, 0x00, 0x00, 0x00, 0x00, 0x00, 0x00, 0x00, 0x00, 0x00, 0x00, 0x00, 0x00, 0x00, 
	0x00, 0x00, 0x00, 0x00, 0x00, 0x00, 0x00, 0x00, 0x00, 0x00, 0x00, 0x00, 0x00, 0x00, 0x00, 0x00, 
	0x00, 0x00, 0x00, 0x00, 0x00, 0x00, 0x00, 0x00, 0x00, 0x00, 0x00, 0x00, 0x00, 0x00, 0x00, 0x00, 
	0x00, 0x00, 0x00, 0x00, 0x00, 0x00, 0x00, 0x00, 0x00, 0x00, 0x00, 0x00, 0x00, 0x00, 0x00, 0x00, 
	0x00, 0x00, 0x00, 0x00, 0x00, 0x00, 0x00, 0x00, 0x00, 0x00, 0x00, 0x00, 0x00, 0x00, 0x00, 0x00, 
	0x00, 0x00, 0x00, 0x00, 0x00, 0x00, 0x00, 0x00, 0x00, 0x00, 0x00, 0x00, 0x00, 0x00, 0x00, 0x00, 
	0x00, 0x00, 0x00, 0x00, 0x00, 0x00, 0x00, 0x00, 0x00, 0x00, 0x00, 0x00, 0x00, 0x00, 0x00, 0x00, 
	0x00, 0x00, 0x00, 0x00, 0x00, 0x00, 0x00, 0x00, 0x00, 0x00, 0x00, 0x00, 0x00, 0x00, 0x00, 0x00, 
	0x00, 0x00, 0x00, 0x00, 0x00, 0x00, 0x00, 0x00, 0x00, 0x00, 0x00, 0x00, 0x00, 0x00, 0x00, 0x00, 
	0x00, 0x00, 0x00, 0x00, 0x00, 0x00, 0x00, 0x00, 0x00, 0x00, 0x00, 0x00, 0x00, 0x00, 0x00, 0x00, 
	0x00, 0x00, 0x00, 0x00, 0x00, 0x00, 0x00, 0x00, 0x00, 0x00, 0x00, 0x00, 0x00, 0x00, 0x00, 0x00, 
	0x00, 0x00, 0x00, 0x00, 0x00, 0x00, 0x00, 0x00, 0x00, 0x00, 0x00, 0x00, 0x00, 0x00, 0x00, 0x00, 
	0x00, 0x00, 0x00, 0x00, 0x00, 0x00, 0x00, 0x00, 0x00, 0x00, 0x00, 0x00, 0x00, 0x00, 0x00, 0x00, 
	0x00, 0x00, 0x00, 0x00, 0x00, 0x00, 0x00, 0x00, 0x00, 0x00, 0x00, 0x00, 0x00, 0x00, 0x00, 0x00, 
	0x00, 0x00, 0x00, 0x00, 0x00, 0x00, 0x00, 0x00, 0x00, 0x00, 0x00, 0x00, 0x00, 0x00, 0x00, 0x00, 
	0x00, 0x00, 0x00, 0x00, 0x00, 0x00, 0x00, 0x00, 0x00, 0x00, 0x00, 0x00, 0x00, 0x00, 0x00, 0x00, 
	0x00, 0x00, 0x00, 0x00, 0x00, 0x00, 0x00, 0x00, 0x00, 0x00, 0x00, 0x00, 0x00, 0x00, 0x00, 0x00, 
	0x00, 0x00, 0x00, 0x00, 0x00, 0x00, 0x00, 0x00, 0x00, 0x00, 0x00, 0x00, 0x00, 0x00, 0x00, 0x00, 
	0x00, 0x00, 0x00, 0x00, 0x00, 0x00, 0x00, 0x00, 0x00, 0x00, 0x00, 0x00, 0x00, 0x00, 0x00, 0x00, 
	0x00, 0x00, 0x00, 0x00, 0x00, 0x00, 0x00, 0x00, 0x00, 0x00, 0x00, 0x00, 0x00, 0x00, 0x00, 0x00, 
	0x00, 0x00, 0x00, 0x00, 0x00, 0x00, 0x00, 0x00, 0x00, 0x00, 0x00, 0x00, 0x00, 0x00, 0x00, 0x00, 
	0x00, 0x00, 0x00, 0x00, 0x00, 0x00, 0x00, 0x00, 0x00, 0x00, 0x00, 0x00, 0x00, 0x00, 0x00, 0x00, 
	0x00, 0x00, 0x00, 0x00, 0x00, 0x00, 0x00, 0x00, 0x00, 0x00, 0x00, 0x00, 0x00, 0x00, 0x00, 0x00, 
	0x00, 0x00, 0x00, 0x00, 0x00, 0x00, 0x00, 0x00, 0x00, 0x00, 0x00, 0x00, 0x00, 0x00, 0x00, 0x00, 
};

#endif
